[
  {
    "name": "stone",
    "displayName": "Stone"
  },
  {
    "name": "granite",
    "displayName": "Granite"
  },
  {
    "name": "polished_granite",
    "displayName": "Polished Granite"
  },
  {
    "name": "diorite",
    "displayName": "Diorite"
  },
  {
    "name": "polished_diorite",
    "displayName": "Polished Diorite"
  },
  {
    "name": "andesite",
    "displayName": "Andesite"
  },
  {
    "name": "polished_andesite",
    "displayName": "Polished Andesite"
  },
  {
    "name": "deepslate",
    "displayName": "Deepslate"
  },
  {
    "name": "cobbled_deepslate",
    "displayName": "Cobbled Deepslate"
  },
  {
    "name": "polished_deepslate",
    "displayName": "Polished Deepslate"
  },
  {
    "name": "calcite",
    "displayName": "Calcite"
  },
  {
    "name": "tuff",
    "displayName": "Tuff"
  },
  {
    "name": "dripstone_block",
    "displayName": "Dripstone Block"
  },
  {
    "name": "grass_block",
    "displayName": "Grass Block"
  },
  {
    "name": "dirt",
    "displayName": "Dirt"
  },
  {
    "name": "coarse_dirt",
    "displayName": "Coarse Dirt"
  },
  {
    "name": "podzol",
    "displayName": "Podzol"
  },
  {
    "name": "rooted_dirt",
    "displayName": "Rooted Dirt"
  },
  {
    "name": "mud",
    "displayName": "Mud"
  },
  {
    "name": "crimson_nylium",
    "displayName": "Crimson Nylium"
  },
  {
    "name": "warped_nylium",
    "displayName": "Warped Nylium"
  },
  {
    "name": "cobblestone",
    "displayName": "Cobblestone"
  },
  {
    "name": "oak_planks",
    "displayName": "Oak Planks"
  },
  {
    "name": "spruce_planks",
    "displayName": "Spruce Planks"
  },
  {
    "name": "birch_planks",
    "displayName": "Birch Planks"
  },
  {
    "name": "jungle_planks",
    "displayName": "Jungle Planks"
  },
  {
    "name": "acacia_planks",
    "displayName": "Acacia Planks"
  },
  {
    "name": "cherry_planks",
    "displayName": "Cherry Planks"
  },
  {
    "name": "dark_oak_planks",
    "displayName": "Dark Oak Planks"
  },
  {
    "name": "mangrove_planks",
    "displayName": "Mangrove Planks"
  },
  {
    "name": "bamboo_planks",
    "displayName": "Bamboo Planks"
  },
  {
    "name": "crimson_planks",
    "displayName": "Crimson Planks"
  },
  {
    "name": "warped_planks",
    "displayName": "Warped Planks"
  },
  {
    "name": "bamboo_mosaic",
    "displayName": "Bamboo Mosaic"
  },
  {
    "name": "oak_sapling",
    "displayName": "Oak Sapling"
  },
  {
    "name": "spruce_sapling",
    "displayName": "Spruce Sapling"
  },
  {
    "name": "birch_sapling",
    "displayName": "Birch Sapling"
  },
  {
    "name": "jungle_sapling",
    "displayName": "Jungle Sapling"
  },
  {
    "name": "acacia_sapling",
    "displayName": "Acacia Sapling"
  },
  {
    "name": "cherry_sapling",
    "displayName": "Cherry Sapling"
  },
  {
    "name": "dark_oak_sapling",
    "displayName": "Dark Oak Sapling"
  },
  {
    "name": "mangrove_propagule",
    "displayName": "Mangrove Propagule"
  },
  {
    "name": "bedrock",
    "displayName": "Bedrock"
  },
  {
    "name": "sand",
    "displayName": "Sand"
  },
  {
    "name": "suspicious_sand",
    "displayName": "Suspicious Sand"
  },
  {
    "name": "red_sand",
    "displayName": "Red Sand"
  },
  {
    "name": "gravel",
    "displayName": "Gravel"
  },
  {
    "name": "coal_ore",
    "displayName": "Coal Ore"
  },
  {
    "name": "deepslate_coal_ore",
    "displayName": "Deepslate Coal Ore"
  },
  {
    "name": "iron_ore",
    "displayName": "Iron Ore"
  },
  {
    "name": "deepslate_iron_ore",
    "displayName": "Deepslate Iron Ore"
  },
  {
    "name": "copper_ore",
    "displayName": "Copper Ore"
  },
  {
    "name": "deepslate_copper_ore",
    "displayName": "Deepslate Copper Ore"
  },
  {
    "name": "gold_ore",
    "displayName": "Gold Ore"
  },
  {
    "name": "deepslate_gold_ore",
    "displayName": "Deepslate Gold Ore"
  },
  {
    "name": "redstone_ore",
    "displayName": "Redstone Ore"
  },
  {
    "name": "deepslate_redstone_ore",
    "displayName": "Deepslate Redstone Ore"
  },
  {
    "name": "emerald_ore",
    "displayName": "Emerald Ore"
  },
  {
    "name": "deepslate_emerald_ore",
    "displayName": "Deepslate Emerald Ore"
  },
  {
    "name": "lapis_ore",
    "displayName": "Lapis Lazuli Ore"
  },
  {
    "name": "deepslate_lapis_ore",
    "displayName": "Deepslate Lapis Lazuli Ore"
  },
  {
    "name": "diamond_ore",
    "displayName": "Diamond Ore"
  },
  {
    "name": "deepslate_diamond_ore",
    "displayName": "Deepslate Diamond Ore"
  },
  {
    "name": "nether_gold_ore",
    "displayName": "Nether Gold Ore"
  },
  {
    "name": "nether_quartz_ore",
    "displayName": "Nether Quartz Ore"
  },
  {
    "name": "ancient_debris",
    "displayName": "Ancient Debris"
  },
  {
    "name": "coal_block",
    "displayName": "Block of Coal"
  },
  {
    "name": "raw_iron_block",
    "displayName": "Block of Raw Iron"
  },
  {
    "name": "raw_copper_block",
    "displayName": "Block of Raw Copper"
  },
  {
    "name": "raw_gold_block",
    "displayName": "Block of Raw Gold"
  },
  {
    "name": "amethyst_block",
    "displayName": "Block of Amethyst"
  },
  {
    "name": "budding_amethyst",
    "displayName": "Budding Amethyst"
  },
  {
    "name": "iron_block",
    "displayName": "Block of Iron"
  },
  {
    "name": "copper_block",
    "displayName": "Block of Copper"
  },
  {
    "name": "gold_block",
    "displayName": "Block of Gold"
  },
  {
    "name": "diamond_block",
    "displayName": "Block of Diamond"
  },
  {
    "name": "netherite_block",
    "displayName": "Block of Netherite"
  },
  {
    "name": "exposed_copper",
    "displayName": "Exposed Copper"
  },
  {
    "name": "weathered_copper",
    "displayName": "Weathered Copper"
  },
  {
    "name": "oxidized_copper",
    "displayName": "Oxidized Copper"
  },
  {
    "name": "cut_copper",
    "displayName": "Cut Copper"
  },
  {
    "name": "exposed_cut_copper",
    "displayName": "Exposed Cut Copper"
  },
  {
    "name": "weathered_cut_copper",
    "displayName": "Weathered Cut Copper"
  },
  {
    "name": "oxidized_cut_copper",
    "displayName": "Oxidized Cut Copper"
  },
  {
    "name": "cut_copper_stairs",
    "displayName": "Cut Copper Stairs"
  },
  {
    "name": "exposed_cut_copper_stairs",
    "displayName": "Exposed Cut Copper Stairs"
  },
  {
    "name": "weathered_cut_copper_stairs",
    "displayName": "Weathered Cut Copper Stairs"
  },
  {
    "name": "oxidized_cut_copper_stairs",
    "displayName": "Oxidized Cut Copper Stairs"
  },
  {
    "name": "cut_copper_slab",
    "displayName": "Cut Copper Slab"
  },
  {
    "name": "exposed_cut_copper_slab",
    "displayName": "Exposed Cut Copper Slab"
  },
  {
    "name": "weathered_cut_copper_slab",
    "displayName": "Weathered Cut Copper Slab"
  },
  {
    "name": "oxidized_cut_copper_slab",
    "displayName": "Oxidized Cut Copper Slab"
  },
  {
    "name": "waxed_copper_block",
    "displayName": "Waxed Block of Copper"
  },
  {
    "name": "waxed_exposed_copper",
    "displayName": "Waxed Exposed Copper"
  },
  {
    "name": "waxed_weathered_copper",
    "displayName": "Waxed Weathered Copper"
  },
  {
    "name": "waxed_oxidized_copper",
    "displayName": "Waxed Oxidized Copper"
  },
  {
    "name": "waxed_cut_copper",
    "displayName": "Waxed Cut Copper"
  },
  {
    "name": "waxed_exposed_cut_copper",
    "displayName": "Waxed Exposed Cut Copper"
  },
  {
    "name": "waxed_weathered_cut_copper",
    "displayName": "Waxed Weathered Cut Copper"
  },
  {
    "name": "waxed_oxidized_cut_copper",
    "displayName": "Waxed Oxidized Cut Copper"
  },
  {
    "name": "waxed_cut_copper_stairs",
    "displayName": "Waxed Cut Copper Stairs"
  },
  {
    "name": "waxed_exposed_cut_copper_stairs",
    "displayName": "Waxed Exposed Cut Copper Stairs"
  },
  {
    "name": "waxed_weathered_cut_copper_stairs",
    "displayName": "Waxed Weathered Cut Copper Stairs"
  },
  {
    "name": "waxed_oxidized_cut_copper_stairs",
    "displayName": "Waxed Oxidized Cut Copper Stairs"
  },
  {
    "name": "waxed_cut_copper_slab",
    "displayName": "Waxed Cut Copper Slab"
  },
  {
    "name": "waxed_exposed_cut_copper_slab",
    "displayName": "Waxed Exposed Cut Copper Slab"
  },
  {
    "name": "waxed_weathered_cut_copper_slab",
    "displayName": "Waxed Weathered Cut Copper Slab"
  },
  {
    "name": "waxed_oxidized_cut_copper_slab",
    "displayName": "Waxed Oxidized Cut Copper Slab"
  },
  {
    "name": "oak_log",
    "displayName": "Oak Log"
  },
  {
    "name": "spruce_log",
    "displayName": "Spruce Log"
  },
  {
    "name": "birch_log",
    "displayName": "Birch Log"
  },
  {
    "name": "jungle_log",
    "displayName": "Jungle Log"
  },
  {
    "name": "acacia_log",
    "displayName": "Acacia Log"
  },
  {
    "name": "cherry_log",
    "displayName": "Cherry Log"
  },
  {
    "name": "dark_oak_log",
    "displayName": "Dark Oak Log"
  },
  {
    "name": "mangrove_log",
    "displayName": "Mangrove Log"
  },
  {
    "name": "mangrove_roots",
    "displayName": "Mangrove Roots"
  },
  {
    "name": "muddy_mangrove_roots",
    "displayName": "Muddy Mangrove Roots"
  },
  {
    "name": "crimson_stem",
    "displayName": "Crimson Stem"
  },
  {
    "name": "warped_stem",
    "displayName": "Warped Stem"
  },
  {
    "name": "bamboo_block",
    "displayName": "Block of Bamboo"
  },
  {
    "name": "stripped_oak_log",
    "displayName": "Stripped Oak Log"
  },
  {
    "name": "stripped_spruce_log",
    "displayName": "Stripped Spruce Log"
  },
  {
    "name": "stripped_birch_log",
    "displayName": "Stripped Birch Log"
  },
  {
    "name": "stripped_jungle_log",
    "displayName": "Stripped Jungle Log"
  },
  {
    "name": "stripped_acacia_log",
    "displayName": "Stripped Acacia Log"
  },
  {
    "name": "stripped_cherry_log",
    "displayName": "Stripped Cherry Log"
  },
  {
    "name": "stripped_dark_oak_log",
    "displayName": "Stripped Dark Oak Log"
  },
  {
    "name": "stripped_mangrove_log",
    "displayName": "Stripped Mangrove Log"
  },
  {
    "name": "stripped_crimson_stem",
    "displayName": "Stripped Crimson Stem"
  },
  {
    "name": "stripped_warped_stem",
    "displayName": "Stripped Warped Stem"
  },
  {
    "name": "stripped_oak_wood",
    "displayName": "Stripped Oak Wood"
  },
  {
    "name": "stripped_spruce_wood",
    "displayName": "Stripped Spruce Wood"
  },
  {
    "name": "stripped_birch_wood",
    "displayName": "Stripped Birch Wood"
  },
  {
    "name": "stripped_jungle_wood",
    "displayName": "Stripped Jungle Wood"
  },
  {
    "name": "stripped_acacia_wood",
    "displayName": "Stripped Acacia Wood"
  },
  {
    "name": "stripped_cherry_wood",
    "displayName": "Stripped Cherry Wood"
  },
  {
    "name": "stripped_dark_oak_wood",
    "displayName": "Stripped Dark Oak Wood"
  },
  {
    "name": "stripped_mangrove_wood",
    "displayName": "Stripped Mangrove Wood"
  },
  {
    "name": "stripped_crimson_hyphae",
    "displayName": "Stripped Crimson Hyphae"
  },
  {
    "name": "stripped_warped_hyphae",
    "displayName": "Stripped Warped Hyphae"
  },
  {
    "name": "stripped_bamboo_block",
    "displayName": "Block of Stripped Bamboo"
  },
  {
    "name": "oak_wood",
    "displayName": "Oak Wood"
  },
  {
    "name": "spruce_wood",
    "displayName": "Spruce Wood"
  },
  {
    "name": "birch_wood",
    "displayName": "Birch Wood"
  },
  {
    "name": "jungle_wood",
    "displayName": "Jungle Wood"
  },
  {
    "name": "acacia_wood",
    "displayName": "Acacia Wood"
  },
  {
    "name": "cherry_wood",
    "displayName": "Cherry Wood"
  },
  {
    "name": "dark_oak_wood",
    "displayName": "Dark Oak Wood"
  },
  {
    "name": "mangrove_wood",
    "displayName": "Mangrove Wood"
  },
  {
    "name": "crimson_hyphae",
    "displayName": "Crimson Hyphae"
  },
  {
    "name": "warped_hyphae",
    "displayName": "Warped Hyphae"
  },
  {
    "name": "oak_leaves",
    "displayName": "Oak Leaves"
  },
  {
    "name": "spruce_leaves",
    "displayName": "Spruce Leaves"
  },
  {
    "name": "birch_leaves",
    "displayName": "Birch Leaves"
  },
  {
    "name": "jungle_leaves",
    "displayName": "Jungle Leaves"
  },
  {
    "name": "acacia_leaves",
    "displayName": "Acacia Leaves"
  },
  {
    "name": "cherry_leaves",
    "displayName": "Cherry Leaves"
  },
  {
    "name": "dark_oak_leaves",
    "displayName": "Dark Oak Leaves"
  },
  {
    "name": "mangrove_leaves",
    "displayName": "Mangrove Leaves"
  },
  {
    "name": "azalea_leaves",
    "displayName": "Azalea Leaves"
  },
  {
    "name": "flowering_azalea_leaves",
    "displayName": "Flowering Azalea Leaves"
  },
  {
    "name": "sponge",
    "displayName": "Sponge"
  },
  {
    "name": "wet_sponge",
    "displayName": "Wet Sponge"
  },
  {
    "name": "glass",
    "displayName": "Glass"
  },
  {
    "name": "tinted_glass",
    "displayName": "Tinted Glass"
  },
  {
    "name": "lapis_block",
    "displayName": "Block of Lapis Lazuli"
  },
  {
    "name": "sandstone",
    "displayName": "Sandstone"
  },
  {
    "name": "chiseled_sandstone",
    "displayName": "Chiseled Sandstone"
  },
  {
    "name": "cut_sandstone",
    "displayName": "Cut Sandstone"
  },
  {
    "name": "cobweb",
    "displayName": "Cobweb"
  },
  {
    "name": "grass",
    "displayName": "Grass"
  },
  {
    "name": "fern",
    "displayName": "Fern"
  },
  {
    "name": "azalea",
    "displayName": "Azalea"
  },
  {
    "name": "flowering_azalea",
    "displayName": "Flowering Azalea"
  },
  {
    "name": "dead_bush",
    "displayName": "Dead Bush"
  },
  {
    "name": "seagrass",
    "displayName": "Seagrass"
  },
  {
    "name": "sea_pickle",
    "displayName": "Sea Pickle"
  },
  {
    "name": "white_wool",
    "displayName": "White Wool"
  },
  {
    "name": "orange_wool",
    "displayName": "Orange Wool"
  },
  {
    "name": "magenta_wool",
    "displayName": "Magenta Wool"
  },
  {
    "name": "light_blue_wool",
    "displayName": "Light Blue Wool"
  },
  {
    "name": "yellow_wool",
    "displayName": "Yellow Wool"
  },
  {
    "name": "lime_wool",
    "displayName": "Lime Wool"
  },
  {
    "name": "pink_wool",
    "displayName": "Pink Wool"
  },
  {
    "name": "gray_wool",
    "displayName": "Gray Wool"
  },
  {
    "name": "light_gray_wool",
    "displayName": "Light Gray Wool"
  },
  {
    "name": "cyan_wool",
    "displayName": "Cyan Wool"
  },
  {
    "name": "purple_wool",
    "displayName": "Purple Wool"
  },
  {
    "name": "blue_wool",
    "displayName": "Blue Wool"
  },
  {
    "name": "brown_wool",
    "displayName": "Brown Wool"
  },
  {
    "name": "green_wool",
    "displayName": "Green Wool"
  },
  {
    "name": "red_wool",
    "displayName": "Red Wool"
  },
  {
    "name": "black_wool",
    "displayName": "Black Wool"
  },
  {
    "name": "dandelion",
    "displayName": "Dandelion"
  },
  {
    "name": "poppy",
    "displayName": "Poppy"
  },
  {
    "name": "blue_orchid",
    "displayName": "Blue Orchid"
  },
  {
    "name": "allium",
    "displayName": "Allium"
  },
  {
    "name": "azure_bluet",
    "displayName": "Azure Bluet"
  },
  {
    "name": "red_tulip",
    "displayName": "Red Tulip"
  },
  {
    "name": "orange_tulip",
    "displayName": "Orange Tulip"
  },
  {
    "name": "white_tulip",
    "displayName": "White Tulip"
  },
  {
    "name": "pink_tulip",
    "displayName": "Pink Tulip"
  },
  {
    "name": "oxeye_daisy",
    "displayName": "Oxeye Daisy"
  },
  {
    "name": "cornflower",
    "displayName": "Cornflower"
  },
  {
    "name": "lily_of_the_valley",
    "displayName": "Lily of the Valley"
  },
  {
    "name": "wither_rose",
    "displayName": "Wither Rose"
  },
  {
    "name": "torchflower",
    "displayName": "Torchflower"
  },
  {
    "name": "spore_blossom",
    "displayName": "Spore Blossom"
  },
  {
    "name": "brown_mushroom",
    "displayName": "Brown Mushroom"
  },
  {
    "name": "red_mushroom",
    "displayName": "Red Mushroom"
  },
  {
    "name": "crimson_fungus",
    "displayName": "Crimson Fungus"
  },
  {
    "name": "warped_fungus",
    "displayName": "Warped Fungus"
  },
  {
    "name": "crimson_roots",
    "displayName": "Crimson Roots"
  },
  {
    "name": "warped_roots",
    "displayName": "Warped Roots"
  },
  {
    "name": "nether_sprouts",
    "displayName": "Nether Sprouts"
  },
  {
    "name": "weeping_vines",
    "displayName": "Weeping Vines"
  },
  {
    "name": "twisting_vines",
    "displayName": "Twisting Vines"
  },
  {
    "name": "sugar_cane",
    "displayName": "Sugar Cane"
  },
  {
    "name": "kelp",
    "displayName": "Kelp"
  },
  {
    "name": "moss_carpet",
    "displayName": "Moss Carpet"
  },
  {
    "name": "pink_petals",
    "displayName": "Pink Petals"
  },
  {
    "name": "moss_block",
    "displayName": "Moss Block"
  },
  {
    "name": "hanging_roots",
    "displayName": "Hanging Roots"
  },
  {
    "name": "big_dripleaf",
    "displayName": "Big Dripleaf"
  },
  {
    "name": "small_dripleaf",
    "displayName": "Small Dripleaf"
  },
  {
    "name": "bamboo",
    "displayName": "Bamboo"
  },
  {
    "name": "oak_slab",
    "displayName": "Oak Slab"
  },
  {
    "name": "spruce_slab",
    "displayName": "Spruce Slab"
  },
  {
    "name": "birch_slab",
    "displayName": "Birch Slab"
  },
  {
    "name": "jungle_slab",
    "displayName": "Jungle Slab"
  },
  {
    "name": "acacia_slab",
    "displayName": "Acacia Slab"
  },
  {
    "name": "cherry_slab",
    "displayName": "Cherry Slab"
  },
  {
    "name": "dark_oak_slab",
    "displayName": "Dark Oak Slab"
  },
  {
    "name": "mangrove_slab",
    "displayName": "Mangrove Slab"
  },
  {
    "name": "bamboo_slab",
    "displayName": "Bamboo Slab"
  },
  {
    "name": "bamboo_mosaic_slab",
    "displayName": "Bamboo Mosaic Slab"
  },
  {
    "name": "crimson_slab",
    "displayName": "Crimson Slab"
  },
  {
    "name": "warped_slab",
    "displayName": "Warped Slab"
  },
  {
    "name": "stone_slab",
    "displayName": "Stone Slab"
  },
  {
    "name": "smooth_stone_slab",
    "displayName": "Smooth Stone Slab"
  },
  {
    "name": "sandstone_slab",
    "displayName": "Sandstone Slab"
  },
  {
    "name": "cut_sandstone_slab",
    "displayName": "Cut Sandstone Slab"
  },
  {
    "name": "petrified_oak_slab",
    "displayName": "Petrified Oak Slab"
  },
  {
    "name": "cobblestone_slab",
    "displayName": "Cobblestone Slab"
  },
  {
    "name": "brick_slab",
    "displayName": "Brick Slab"
  },
  {
    "name": "stone_brick_slab",
    "displayName": "Stone Brick Slab"
  },
  {
    "name": "mud_brick_slab",
    "displayName": "Mud Brick Slab"
  },
  {
    "name": "nether_brick_slab",
    "displayName": "Nether Brick Slab"
  },
  {
    "name": "quartz_slab",
    "displayName": "Quartz Slab"
  },
  {
    "name": "red_sandstone_slab",
    "displayName": "Red Sandstone Slab"
  },
  {
    "name": "cut_red_sandstone_slab",
    "displayName": "Cut Red Sandstone Slab"
  },
  {
    "name": "purpur_slab",
    "displayName": "Purpur Slab"
  },
  {
    "name": "prismarine_slab",
    "displayName": "Prismarine Slab"
  },
  {
    "name": "prismarine_brick_slab",
    "displayName": "Prismarine Brick Slab"
  },
  {
    "name": "dark_prismarine_slab",
    "displayName": "Dark Prismarine Slab"
  },
  {
    "name": "smooth_quartz",
    "displayName": "Smooth Quartz Block"
  },
  {
    "name": "smooth_red_sandstone",
    "displayName": "Smooth Red Sandstone"
  },
  {
    "name": "smooth_sandstone",
    "displayName": "Smooth Sandstone"
  },
  {
    "name": "smooth_stone",
    "displayName": "Smooth Stone"
  },
  {
    "name": "bricks",
    "displayName": "Bricks"
  },
  {
    "name": "bookshelf",
    "displayName": "Bookshelf"
  },
  {
    "name": "chiseled_bookshelf",
    "displayName": "Chiseled Bookshelf"
  },
  {
    "name": "decorated_pot",
    "displayName": "Decorated Pot"
  },
  {
    "name": "mossy_cobblestone",
    "displayName": "Mossy Cobblestone"
  },
  {
    "name": "obsidian",
    "displayName": "Obsidian"
  },
  {
    "name": "torch",
    "displayName": "Torch"
  },
  {
    "name": "end_rod",
    "displayName": "End Rod"
  },
  {
    "name": "chorus_plant",
    "displayName": "Chorus Plant"
  },
  {
    "name": "chorus_flower",
    "displayName": "Chorus Flower"
  },
  {
    "name": "purpur_block",
    "displayName": "Purpur Block"
  },
  {
    "name": "purpur_pillar",
    "displayName": "Purpur Pillar"
  },
  {
    "name": "purpur_stairs",
    "displayName": "Purpur Stairs"
  },
  {
    "name": "spawner",
    "displayName": "Monster Spawner"
  },
  {
    "name": "chest",
    "displayName": "Chest"
  },
  {
    "name": "crafting_table",
    "displayName": "Crafting Table"
  },
  {
    "name": "farmland",
    "displayName": "Farmland"
  },
  {
    "name": "furnace",
    "displayName": "Furnace"
  },
  {
    "name": "ladder",
    "displayName": "Ladder"
  },
  {
    "name": "cobblestone_stairs",
    "displayName": "Cobblestone Stairs"
  },
  {
    "name": "snow_layer",
    "displayName": "Snow"
  },
  {
    "name": "ice",
    "displayName": "Ice"
  },
  {
    "name": "snow_block",
    "displayName": "Snow Block"
  },
  {
    "name": "cactus",
    "displayName": "Cactus"
  },
  {
    "name": "clay",
    "displayName": "Clay"
  },
  {
    "name": "jukebox",
    "displayName": "Jukebox"
  },
  {
    "name": "oak_fence",
    "displayName": "Oak Fence"
  },
  {
    "name": "spruce_fence",
    "displayName": "Spruce Fence"
  },
  {
    "name": "birch_fence",
    "displayName": "Birch Fence"
  },
  {
    "name": "jungle_fence",
    "displayName": "Jungle Fence"
  },
  {
    "name": "acacia_fence",
    "displayName": "Acacia Fence"
  },
  {
    "name": "cherry_fence",
    "displayName": "Cherry Fence"
  },
  {
    "name": "dark_oak_fence",
    "displayName": "Dark Oak Fence"
  },
  {
    "name": "mangrove_fence",
    "displayName": "Mangrove Fence"
  },
  {
    "name": "bamboo_fence",
    "displayName": "Bamboo Fence"
  },
  {
    "name": "crimson_fence",
    "displayName": "Crimson Fence"
  },
  {
    "name": "warped_fence",
    "displayName": "Warped Fence"
  },
  {
    "name": "pumpkin",
    "displayName": "Pumpkin"
  },
  {
    "name": "carved_pumpkin",
    "displayName": "Carved Pumpkin"
  },
  {
    "name": "jack_o_lantern",
    "displayName": "Jack o'Lantern"
  },
  {
    "name": "netherrack",
    "displayName": "Netherrack"
  },
  {
    "name": "soul_sand",
    "displayName": "Soul Sand"
  },
  {
    "name": "soul_soil",
    "displayName": "Soul Soil"
  },
  {
    "name": "basalt",
    "displayName": "Basalt"
  },
  {
    "name": "polished_basalt",
    "displayName": "Polished Basalt"
  },
  {
    "name": "smooth_basalt",
    "displayName": "Smooth Basalt"
  },
  {
    "name": "soul_torch",
    "displayName": "Soul Torch"
  },
  {
    "name": "glowstone",
    "displayName": "Glowstone"
  },
  {
    "name": "infested_stone",
    "displayName": "Infested Stone"
  },
  {
    "name": "infested_cobblestone",
    "displayName": "Infested Cobblestone"
  },
  {
    "name": "infested_stone_bricks",
    "displayName": "Infested Stone Bricks"
  },
  {
    "name": "infested_mossy_stone_bricks",
    "displayName": "Infested Mossy Stone Bricks"
  },
  {
    "name": "infested_cracked_stone_bricks",
    "displayName": "Infested Cracked Stone Bricks"
  },
  {
    "name": "infested_chiseled_stone_bricks",
    "displayName": "Infested Chiseled Stone Bricks"
  },
  {
    "name": "infested_deepslate",
    "displayName": "Infested Deepslate"
  },
  {
    "name": "stone_bricks",
    "displayName": "Stone Bricks"
  },
  {
    "name": "mossy_stone_bricks",
    "displayName": "Mossy Stone Bricks"
  },
  {
    "name": "cracked_stone_bricks",
    "displayName": "Cracked Stone Bricks"
  },
  {
    "name": "chiseled_stone_bricks",
    "displayName": "Chiseled Stone Bricks"
  },
  {
    "name": "packed_mud",
    "displayName": "Packed Mud"
  },
  {
    "name": "mud_bricks",
    "displayName": "Mud Bricks"
  },
  {
    "name": "deepslate_bricks",
    "displayName": "Deepslate Bricks"
  },
  {
    "name": "cracked_deepslate_bricks",
    "displayName": "Cracked Deepslate Bricks"
  },
  {
    "name": "deepslate_tiles",
    "displayName": "Deepslate Tiles"
  },
  {
    "name": "cracked_deepslate_tiles",
    "displayName": "Cracked Deepslate Tiles"
  },
  {
    "name": "chiseled_deepslate",
    "displayName": "Chiseled Deepslate"
  },
  {
    "name": "reinforced_deepslate",
    "displayName": "Reinforced Deepslate"
  },
  {
    "name": "brown_mushroom_block",
    "displayName": "Brown Mushroom Block"
  },
  {
    "name": "red_mushroom_block",
    "displayName": "Red Mushroom Block"
  },
  {
    "name": "mushroom_stem",
    "displayName": "Mushroom Stem"
  },
  {
    "name": "iron_bars",
    "displayName": "Iron Bars"
  },
  {
    "name": "chain",
    "displayName": "Chain"
  },
  {
    "name": "glass_pane",
    "displayName": "Glass Pane"
  },
  {
    "name": "melon",
    "displayName": "Melon"
  },
  {
    "name": "vine",
    "displayName": "Vines"
  },
  {
    "name": "glow_lichen",
    "displayName": "Glow Lichen"
  },
  {
    "name": "brick_stairs",
    "displayName": "Brick Stairs"
  },
  {
    "name": "stone_brick_stairs",
    "displayName": "Stone Brick Stairs"
  },
  {
    "name": "mud_brick_stairs",
    "displayName": "Mud Brick Stairs"
  },
  {
    "name": "mycelium",
    "displayName": "Mycelium"
  },
  {
    "name": "lily_pad",
    "displayName": "Lily Pad"
  },
  {
    "name": "nether_bricks",
    "displayName": "Nether Bricks"
  },
  {
    "name": "cracked_nether_bricks",
    "displayName": "Cracked Nether Bricks"
  },
  {
    "name": "chiseled_nether_bricks",
    "displayName": "Chiseled Nether Bricks"
  },
  {
    "name": "nether_brick_fence",
    "displayName": "Nether Brick Fence"
  },
  {
    "name": "nether_brick_stairs",
    "displayName": "Nether Brick Stairs"
  },
  {
    "name": "sculk",
    "displayName": "Sculk"
  },
  {
    "name": "sculk_vein",
    "displayName": "Sculk Vein"
  },
  {
    "name": "sculk_catalyst",
    "displayName": "Sculk Catalyst"
  },
  {
    "name": "sculk_shrieker",
    "displayName": "Sculk Shrieker"
  },
  {
    "name": "enchanting_table",
    "displayName": "Enchanting Table"
  },
  {
    "name": "end_portal_frame",
    "displayName": "End Portal Frame"
  },
  {
    "name": "end_stone",
    "displayName": "End Stone"
  },
  {
    "name": "end_stone_bricks",
    "displayName": "End Stone Bricks"
  },
  {
    "name": "dragon_egg",
    "displayName": "Dragon Egg"
  },
  {
    "name": "sandstone_stairs",
    "displayName": "Sandstone Stairs"
  },
  {
    "name": "ender_chest",
    "displayName": "Ender Chest"
  },
  {
    "name": "emerald_block",
    "displayName": "Block of Emerald"
  },
  {
    "name": "oak_stairs",
    "displayName": "Oak Stairs"
  },
  {
    "name": "spruce_stairs",
    "displayName": "Spruce Stairs"
  },
  {
    "name": "birch_stairs",
    "displayName": "Birch Stairs"
  },
  {
    "name": "jungle_stairs",
    "displayName": "Jungle Stairs"
  },
  {
    "name": "acacia_stairs",
    "displayName": "Acacia Stairs"
  },
  {
    "name": "cherry_stairs",
    "displayName": "Cherry Stairs"
  },
  {
    "name": "dark_oak_stairs",
    "displayName": "Dark Oak Stairs"
  },
  {
    "name": "mangrove_stairs",
    "displayName": "Mangrove Stairs"
  },
  {
    "name": "bamboo_stairs",
    "displayName": "Bamboo Stairs"
  },
  {
    "name": "bamboo_mosaic_stairs",
    "displayName": "Bamboo Mosaic Stairs"
  },
  {
    "name": "crimson_stairs",
    "displayName": "Crimson Stairs"
  },
  {
    "name": "warped_stairs",
    "displayName": "Warped Stairs"
  },
  {
    "name": "command_block",
    "displayName": "Command Block"
  },
  {
    "name": "beacon",
    "displayName": "Beacon"
  },
  {
    "name": "cobblestone_wall",
    "displayName": "Cobblestone Wall"
  },
  {
    "name": "mossy_cobblestone_wall",
    "displayName": "Mossy Cobblestone Wall"
  },
  {
    "name": "brick_wall",
    "displayName": "Brick Wall"
  },
  {
    "name": "prismarine_wall",
    "displayName": "Prismarine Wall"
  },
  {
    "name": "red_sandstone_wall",
    "displayName": "Red Sandstone Wall"
  },
  {
    "name": "mossy_stone_brick_wall",
    "displayName": "Mossy Stone Brick Wall"
  },
  {
    "name": "granite_wall",
    "displayName": "Granite Wall"
  },
  {
    "name": "stone_brick_wall",
    "displayName": "Stone Brick Wall"
  },
  {
    "name": "mud_brick_wall",
    "displayName": "Mud Brick Wall"
  },
  {
    "name": "nether_brick_wall",
    "displayName": "Nether Brick Wall"
  },
  {
    "name": "andesite_wall",
    "displayName": "Andesite Wall"
  },
  {
    "name": "red_nether_brick_wall",
    "displayName": "Red Nether Brick Wall"
  },
  {
    "name": "sandstone_wall",
    "displayName": "Sandstone Wall"
  },
  {
    "name": "end_stone_brick_wall",
    "displayName": "End Stone Brick Wall"
  },
  {
    "name": "diorite_wall",
    "displayName": "Diorite Wall"
  },
  {
    "name": "blackstone_wall",
    "displayName": "Blackstone Wall"
  },
  {
    "name": "polished_blackstone_wall",
    "displayName": "Polished Blackstone Wall"
  },
  {
    "name": "polished_blackstone_brick_wall",
    "displayName": "Polished Blackstone Brick Wall"
  },
  {
    "name": "cobbled_deepslate_wall",
    "displayName": "Cobbled Deepslate Wall"
  },
  {
    "name": "polished_deepslate_wall",
    "displayName": "Polished Deepslate Wall"
  },
  {
    "name": "deepslate_brick_wall",
    "displayName": "Deepslate Brick Wall"
  },
  {
    "name": "deepslate_tile_wall",
    "displayName": "Deepslate Tile Wall"
  },
  {
    "name": "anvil",
    "displayName": "Anvil"
  },
  {
    "name": "chipped_anvil",
    "displayName": "Chipped Anvil"
  },
  {
    "name": "damaged_anvil",
    "displayName": "Damaged Anvil"
  },
  {
    "name": "chiseled_quartz_block",
    "displayName": "Chiseled Quartz Block"
  },
  {
    "name": "quartz_block",
    "displayName": "Block of Quartz"
  },
  {
    "name": "quartz_bricks",
    "displayName": "Quartz Bricks"
  },
  {
    "name": "quartz_pillar",
    "displayName": "Quartz Pillar"
  },
  {
    "name": "quartz_stairs",
    "displayName": "Quartz Stairs"
  },
  {
    "name": "white_terracotta",
    "displayName": "White Terracotta"
  },
  {
    "name": "orange_terracotta",
    "displayName": "Orange Terracotta"
  },
  {
    "name": "magenta_terracotta",
    "displayName": "Magenta Terracotta"
  },
  {
    "name": "light_blue_terracotta",
    "displayName": "Light Blue Terracotta"
  },
  {
    "name": "yellow_terracotta",
    "displayName": "Yellow Terracotta"
  },
  {
    "name": "lime_terracotta",
    "displayName": "Lime Terracotta"
  },
  {
    "name": "pink_terracotta",
    "displayName": "Pink Terracotta"
  },
  {
    "name": "gray_terracotta",
    "displayName": "Gray Terracotta"
  },
  {
    "name": "light_gray_terracotta",
    "displayName": "Light Gray Terracotta"
  },
  {
    "name": "cyan_terracotta",
    "displayName": "Cyan Terracotta"
  },
  {
    "name": "purple_terracotta",
    "displayName": "Purple Terracotta"
  },
  {
    "name": "blue_terracotta",
    "displayName": "Blue Terracotta"
  },
  {
    "name": "brown_terracotta",
    "displayName": "Brown Terracotta"
  },
  {
    "name": "green_terracotta",
    "displayName": "Green Terracotta"
  },
  {
    "name": "red_terracotta",
    "displayName": "Red Terracotta"
  },
  {
    "name": "black_terracotta",
    "displayName": "Black Terracotta"
  },
  {
    "name": "barrier",
    "displayName": "Barrier"
  },
  {
    "name": "light",
    "displayName": "Light"
  },
  {
    "name": "hay_block",
    "displayName": "Hay Bale"
  },
  {
    "name": "white_carpet",
    "displayName": "White Carpet"
  },
  {
    "name": "orange_carpet",
    "displayName": "Orange Carpet"
  },
  {
    "name": "magenta_carpet",
    "displayName": "Magenta Carpet"
  },
  {
    "name": "light_blue_carpet",
    "displayName": "Light Blue Carpet"
  },
  {
    "name": "yellow_carpet",
    "displayName": "Yellow Carpet"
  },
  {
    "name": "lime_carpet",
    "displayName": "Lime Carpet"
  },
  {
    "name": "pink_carpet",
    "displayName": "Pink Carpet"
  },
  {
    "name": "gray_carpet",
    "displayName": "Gray Carpet"
  },
  {
    "name": "light_gray_carpet",
    "displayName": "Light Gray Carpet"
  },
  {
    "name": "cyan_carpet",
    "displayName": "Cyan Carpet"
  },
  {
    "name": "purple_carpet",
    "displayName": "Purple Carpet"
  },
  {
    "name": "blue_carpet",
    "displayName": "Blue Carpet"
  },
  {
    "name": "brown_carpet",
    "displayName": "Brown Carpet"
  },
  {
    "name": "green_carpet",
    "displayName": "Green Carpet"
  },
  {
    "name": "red_carpet",
    "displayName": "Red Carpet"
  },
  {
    "name": "black_carpet",
    "displayName": "Black Carpet"
  },
  {
    "name": "terracotta",
    "displayName": "Terracotta"
  },
  {
    "name": "packed_ice",
    "displayName": "Packed Ice"
  },
  {
    "name": "dirt_path",
    "displayName": "Dirt Path"
  },
  {
    "name": "sunflower",
    "displayName": "Sunflower"
  },
  {
    "name": "lilac",
    "displayName": "Lilac"
  },
  {
    "name": "rose_bush",
    "displayName": "Rose Bush"
  },
  {
    "name": "peony",
    "displayName": "Peony"
  },
  {
    "name": "tall_grass",
    "displayName": "Tall Grass"
  },
  {
    "name": "large_fern",
    "displayName": "Large Fern"
  },
  {
    "name": "white_stained_glass",
    "displayName": "White Stained Glass"
  },
  {
    "name": "orange_stained_glass",
    "displayName": "Orange Stained Glass"
  },
  {
    "name": "magenta_stained_glass",
    "displayName": "Magenta Stained Glass"
  },
  {
    "name": "light_blue_stained_glass",
    "displayName": "Light Blue Stained Glass"
  },
  {
    "name": "yellow_stained_glass",
    "displayName": "Yellow Stained Glass"
  },
  {
    "name": "lime_stained_glass",
    "displayName": "Lime Stained Glass"
  },
  {
    "name": "pink_stained_glass",
    "displayName": "Pink Stained Glass"
  },
  {
    "name": "gray_stained_glass",
    "displayName": "Gray Stained Glass"
  },
  {
    "name": "light_gray_stained_glass",
    "displayName": "Light Gray Stained Glass"
  },
  {
    "name": "cyan_stained_glass",
    "displayName": "Cyan Stained Glass"
  },
  {
    "name": "purple_stained_glass",
    "displayName": "Purple Stained Glass"
  },
  {
    "name": "blue_stained_glass",
    "displayName": "Blue Stained Glass"
  },
  {
    "name": "brown_stained_glass",
    "displayName": "Brown Stained Glass"
  },
  {
    "name": "green_stained_glass",
    "displayName": "Green Stained Glass"
  },
  {
    "name": "red_stained_glass",
    "displayName": "Red Stained Glass"
  },
  {
    "name": "black_stained_glass",
    "displayName": "Black Stained Glass"
  },
  {
    "name": "white_stained_glass_pane",
    "displayName": "White Stained Glass Pane"
  },
  {
    "name": "orange_stained_glass_pane",
    "displayName": "Orange Stained Glass Pane"
  },
  {
    "name": "magenta_stained_glass_pane",
    "displayName": "Magenta Stained Glass Pane"
  },
  {
    "name": "light_blue_stained_glass_pane",
    "displayName": "Light Blue Stained Glass Pane"
  },
  {
    "name": "yellow_stained_glass_pane",
    "displayName": "Yellow Stained Glass Pane"
  },
  {
    "name": "lime_stained_glass_pane",
    "displayName": "Lime Stained Glass Pane"
  },
  {
    "name": "pink_stained_glass_pane",
    "displayName": "Pink Stained Glass Pane"
  },
  {
    "name": "gray_stained_glass_pane",
    "displayName": "Gray Stained Glass Pane"
  },
  {
    "name": "light_gray_stained_glass_pane",
    "displayName": "Light Gray Stained Glass Pane"
  },
  {
    "name": "cyan_stained_glass_pane",
    "displayName": "Cyan Stained Glass Pane"
  },
  {
    "name": "purple_stained_glass_pane",
    "displayName": "Purple Stained Glass Pane"
  },
  {
    "name": "blue_stained_glass_pane",
    "displayName": "Blue Stained Glass Pane"
  },
  {
    "name": "brown_stained_glass_pane",
    "displayName": "Brown Stained Glass Pane"
  },
  {
    "name": "green_stained_glass_pane",
    "displayName": "Green Stained Glass Pane"
  },
  {
    "name": "red_stained_glass_pane",
    "displayName": "Red Stained Glass Pane"
  },
  {
    "name": "black_stained_glass_pane",
    "displayName": "Black Stained Glass Pane"
  },
  {
    "name": "prismarine",
    "displayName": "Prismarine"
  },
  {
    "name": "prismarine_bricks",
    "displayName": "Prismarine Bricks"
  },
  {
    "name": "dark_prismarine",
    "displayName": "Dark Prismarine"
  },
  {
    "name": "prismarine_stairs",
    "displayName": "Prismarine Stairs"
  },
  {
    "name": "prismarine_brick_stairs",
    "displayName": "Prismarine Brick Stairs"
  },
  {
    "name": "dark_prismarine_stairs",
    "displayName": "Dark Prismarine Stairs"
  },
  {
    "name": "sea_lantern",
    "displayName": "Sea Lantern"
  },
  {
    "name": "red_sandstone",
    "displayName": "Red Sandstone"
  },
  {
    "name": "chiseled_red_sandstone",
    "displayName": "Chiseled Red Sandstone"
  },
  {
    "name": "cut_red_sandstone",
    "displayName": "Cut Red Sandstone"
  },
  {
    "name": "red_sandstone_stairs",
    "displayName": "Red Sandstone Stairs"
  },
  {
    "name": "repeating_command_block",
    "displayName": "Repeating Command Block"
  },
  {
    "name": "chain_command_block",
    "displayName": "Chain Command Block"
  },
  {
    "name": "magma_block",
    "displayName": "Magma Block"
  },
  {
    "name": "nether_wart_block",
    "displayName": "Nether Wart Block"
  },
  {
    "name": "warped_wart_block",
    "displayName": "Warped Wart Block"
  },
  {
    "name": "red_nether_bricks",
    "displayName": "Red Nether Bricks"
  },
  {
    "name": "bone_block",
    "displayName": "Bone Block"
  },
  {
    "name": "structure_void",
    "displayName": "Structure Void"
  },
  {
    "name": "shulker_box",
    "displayName": "Shulker Box"
  },
  {
    "name": "white_shulker_box",
    "displayName": "White Shulker Box"
  },
  {
    "name": "orange_shulker_box",
    "displayName": "Orange Shulker Box"
  },
  {
    "name": "magenta_shulker_box",
    "displayName": "Magenta Shulker Box"
  },
  {
    "name": "light_blue_shulker_box",
    "displayName": "Light Blue Shulker Box"
  },
  {
    "name": "yellow_shulker_box",
    "displayName": "Yellow Shulker Box"
  },
  {
    "name": "lime_shulker_box",
    "displayName": "Lime Shulker Box"
  },
  {
    "name": "pink_shulker_box",
    "displayName": "Pink Shulker Box"
  },
  {
    "name": "gray_shulker_box",
    "displayName": "Gray Shulker Box"
  },
  {
    "name": "light_gray_shulker_box",
    "displayName": "Light Gray Shulker Box"
  },
  {
    "name": "cyan_shulker_box",
    "displayName": "Cyan Shulker Box"
  },
  {
    "name": "purple_shulker_box",
    "displayName": "Purple Shulker Box"
  },
  {
    "name": "blue_shulker_box",
    "displayName": "Blue Shulker Box"
  },
  {
    "name": "brown_shulker_box",
    "displayName": "Brown Shulker Box"
  },
  {
    "name": "green_shulker_box",
    "displayName": "Green Shulker Box"
  },
  {
    "name": "red_shulker_box",
    "displayName": "Red Shulker Box"
  },
  {
    "name": "black_shulker_box",
    "displayName": "Black Shulker Box"
  },
  {
    "name": "white_glazed_terracotta",
    "displayName": "White Glazed Terracotta"
  },
  {
    "name": "orange_glazed_terracotta",
    "displayName": "Orange Glazed Terracotta"
  },
  {
    "name": "magenta_glazed_terracotta",
    "displayName": "Magenta Glazed Terracotta"
  },
  {
    "name": "light_blue_glazed_terracotta",
    "displayName": "Light Blue Glazed Terracotta"
  },
  {
    "name": "yellow_glazed_terracotta",
    "displayName": "Yellow Glazed Terracotta"
  },
  {
    "name": "lime_glazed_terracotta",
    "displayName": "Lime Glazed Terracotta"
  },
  {
    "name": "pink_glazed_terracotta",
    "displayName": "Pink Glazed Terracotta"
  },
  {
    "name": "gray_glazed_terracotta",
    "displayName": "Gray Glazed Terracotta"
  },
  {
    "name": "light_gray_glazed_terracotta",
    "displayName": "Light Gray Glazed Terracotta"
  },
  {
    "name": "cyan_glazed_terracotta",
    "displayName": "Cyan Glazed Terracotta"
  },
  {
    "name": "purple_glazed_terracotta",
    "displayName": "Purple Glazed Terracotta"
  },
  {
    "name": "blue_glazed_terracotta",
    "displayName": "Blue Glazed Terracotta"
  },
  {
    "name": "brown_glazed_terracotta",
    "displayName": "Brown Glazed Terracotta"
  },
  {
    "name": "green_glazed_terracotta",
    "displayName": "Green Glazed Terracotta"
  },
  {
    "name": "red_glazed_terracotta",
    "displayName": "Red Glazed Terracotta"
  },
  {
    "name": "black_glazed_terracotta",
    "displayName": "Black Glazed Terracotta"
  },
  {
    "name": "white_concrete",
    "displayName": "White Concrete"
  },
  {
    "name": "orange_concrete",
    "displayName": "Orange Concrete"
  },
  {
    "name": "magenta_concrete",
    "displayName": "Magenta Concrete"
  },
  {
    "name": "light_blue_concrete",
    "displayName": "Light Blue Concrete"
  },
  {
    "name": "yellow_concrete",
    "displayName": "Yellow Concrete"
  },
  {
    "name": "lime_concrete",
    "displayName": "Lime Concrete"
  },
  {
    "name": "pink_concrete",
    "displayName": "Pink Concrete"
  },
  {
    "name": "gray_concrete",
    "displayName": "Gray Concrete"
  },
  {
    "name": "light_gray_concrete",
    "displayName": "Light Gray Concrete"
  },
  {
    "name": "cyan_concrete",
    "displayName": "Cyan Concrete"
  },
  {
    "name": "purple_concrete",
    "displayName": "Purple Concrete"
  },
  {
    "name": "blue_concrete",
    "displayName": "Blue Concrete"
  },
  {
    "name": "brown_concrete",
    "displayName": "Brown Concrete"
  },
  {
    "name": "green_concrete",
    "displayName": "Green Concrete"
  },
  {
    "name": "red_concrete",
    "displayName": "Red Concrete"
  },
  {
    "name": "black_concrete",
    "displayName": "Black Concrete"
  },
  {
    "name": "white_concrete_powder",
    "displayName": "White Concrete Powder"
  },
  {
    "name": "orange_concrete_powder",
    "displayName": "Orange Concrete Powder"
  },
  {
    "name": "magenta_concrete_powder",
    "displayName": "Magenta Concrete Powder"
  },
  {
    "name": "light_blue_concrete_powder",
    "displayName": "Light Blue Concrete Powder"
  },
  {
    "name": "yellow_concrete_powder",
    "displayName": "Yellow Concrete Powder"
  },
  {
    "name": "lime_concrete_powder",
    "displayName": "Lime Concrete Powder"
  },
  {
    "name": "pink_concrete_powder",
    "displayName": "Pink Concrete Powder"
  },
  {
    "name": "gray_concrete_powder",
    "displayName": "Gray Concrete Powder"
  },
  {
    "name": "light_gray_concrete_powder",
    "displayName": "Light Gray Concrete Powder"
  },
  {
    "name": "cyan_concrete_powder",
    "displayName": "Cyan Concrete Powder"
  },
  {
    "name": "purple_concrete_powder",
    "displayName": "Purple Concrete Powder"
  },
  {
    "name": "blue_concrete_powder",
    "displayName": "Blue Concrete Powder"
  },
  {
    "name": "brown_concrete_powder",
    "displayName": "Brown Concrete Powder"
  },
  {
    "name": "green_concrete_powder",
    "displayName": "Green Concrete Powder"
  },
  {
    "name": "red_concrete_powder",
    "displayName": "Red Concrete Powder"
  },
  {
    "name": "black_concrete_powder",
    "displayName": "Black Concrete Powder"
  },
  {
    "name": "turtle_egg",
    "displayName": "Turtle Egg"
  },
  {
    "name": "dead_tube_coral_block",
    "displayName": "Dead Tube Coral Block"
  },
  {
    "name": "dead_brain_coral_block",
    "displayName": "Dead Brain Coral Block"
  },
  {
    "name": "dead_bubble_coral_block",
    "displayName": "Dead Bubble Coral Block"
  },
  {
    "name": "dead_fire_coral_block",
    "displayName": "Dead Fire Coral Block"
  },
  {
    "name": "dead_horn_coral_block",
    "displayName": "Dead Horn Coral Block"
  },
  {
    "name": "tube_coral_block",
    "displayName": "Tube Coral Block"
  },
  {
    "name": "brain_coral_block",
    "displayName": "Brain Coral Block"
  },
  {
    "name": "bubble_coral_block",
    "displayName": "Bubble Coral Block"
  },
  {
    "name": "fire_coral_block",
    "displayName": "Fire Coral Block"
  },
  {
    "name": "horn_coral_block",
    "displayName": "Horn Coral Block"
  },
  {
    "name": "tube_coral",
    "displayName": "Tube Coral"
  },
  {
    "name": "brain_coral",
    "displayName": "Brain Coral"
  },
  {
    "name": "bubble_coral",
    "displayName": "Bubble Coral"
  },
  {
    "name": "fire_coral",
    "displayName": "Fire Coral"
  },
  {
    "name": "horn_coral",
    "displayName": "Horn Coral"
  },
  {
    "name": "dead_brain_coral",
    "displayName": "Dead Brain Coral"
  },
  {
    "name": "dead_bubble_coral",
    "displayName": "Dead Bubble Coral"
  },
  {
    "name": "dead_fire_coral",
    "displayName": "Dead Fire Coral"
  },
  {
    "name": "dead_horn_coral",
    "displayName": "Dead Horn Coral"
  },
  {
    "name": "dead_tube_coral",
    "displayName": "Dead Tube Coral"
  },
  {
    "name": "tube_coral_fan",
    "displayName": "Tube Coral Fan"
  },
  {
    "name": "brain_coral_fan",
    "displayName": "Brain Coral Fan"
  },
  {
    "name": "bubble_coral_fan",
    "displayName": "Bubble Coral Fan"
  },
  {
    "name": "fire_coral_fan",
    "displayName": "Fire Coral Fan"
  },
  {
    "name": "horn_coral_fan",
    "displayName": "Horn Coral Fan"
  },
  {
    "name": "dead_tube_coral_fan",
    "displayName": "Dead Tube Coral Fan"
  },
  {
    "name": "dead_brain_coral_fan",
    "displayName": "Dead Brain Coral Fan"
  },
  {
    "name": "dead_bubble_coral_fan",
    "displayName": "Dead Bubble Coral Fan"
  },
  {
    "name": "dead_fire_coral_fan",
    "displayName": "Dead Fire Coral Fan"
  },
  {
    "name": "dead_horn_coral_fan",
    "displayName": "Dead Horn Coral Fan"
  },
  {
    "name": "blue_ice",
    "displayName": "Blue Ice"
  },
  {
    "name": "conduit",
    "displayName": "Conduit"
  },
  {
    "name": "polished_granite_stairs",
    "displayName": "Polished Granite Stairs"
  },
  {
    "name": "smooth_red_sandstone_stairs",
    "displayName": "Smooth Red Sandstone Stairs"
  },
  {
    "name": "mossy_stone_brick_stairs",
    "displayName": "Mossy Stone Brick Stairs"
  },
  {
    "name": "polished_diorite_stairs",
    "displayName": "Polished Diorite Stairs"
  },
  {
    "name": "mossy_cobblestone_stairs",
    "displayName": "Mossy Cobblestone Stairs"
  },
  {
    "name": "end_stone_brick_stairs",
    "displayName": "End Stone Brick Stairs"
  },
  {
    "name": "stone_stairs",
    "displayName": "Stone Stairs"
  },
  {
    "name": "smooth_sandstone_stairs",
    "displayName": "Smooth Sandstone Stairs"
  },
  {
    "name": "smooth_quartz_stairs",
    "displayName": "Smooth Quartz Stairs"
  },
  {
    "name": "granite_stairs",
    "displayName": "Granite Stairs"
  },
  {
    "name": "andesite_stairs",
    "displayName": "Andesite Stairs"
  },
  {
    "name": "red_nether_brick_stairs",
    "displayName": "Red Nether Brick Stairs"
  },
  {
    "name": "polished_andesite_stairs",
    "displayName": "Polished Andesite Stairs"
  },
  {
    "name": "diorite_stairs",
    "displayName": "Diorite Stairs"
  },
  {
    "name": "cobbled_deepslate_stairs",
    "displayName": "Cobbled Deepslate Stairs"
  },
  {
    "name": "polished_deepslate_stairs",
    "displayName": "Polished Deepslate Stairs"
  },
  {
    "name": "deepslate_brick_stairs",
    "displayName": "Deepslate Brick Stairs"
  },
  {
    "name": "deepslate_tile_stairs",
    "displayName": "Deepslate Tile Stairs"
  },
  {
    "name": "polished_granite_slab",
    "displayName": "Polished Granite Slab"
  },
  {
    "name": "smooth_red_sandstone_slab",
    "displayName": "Smooth Red Sandstone Slab"
  },
  {
    "name": "mossy_stone_brick_slab",
    "displayName": "Mossy Stone Brick Slab"
  },
  {
    "name": "polished_diorite_slab",
    "displayName": "Polished Diorite Slab"
  },
  {
    "name": "mossy_cobblestone_slab",
    "displayName": "Mossy Cobblestone Slab"
  },
  {
    "name": "end_stone_brick_slab",
    "displayName": "End Stone Brick Slab"
  },
  {
    "name": "smooth_sandstone_slab",
    "displayName": "Smooth Sandstone Slab"
  },
  {
    "name": "smooth_quartz_slab",
    "displayName": "Smooth Quartz Slab"
  },
  {
    "name": "granite_slab",
    "displayName": "Granite Slab"
  },
  {
    "name": "andesite_slab",
    "displayName": "Andesite Slab"
  },
  {
    "name": "red_nether_brick_slab",
    "displayName": "Red Nether Brick Slab"
  },
  {
    "name": "polished_andesite_slab",
    "displayName": "Polished Andesite Slab"
  },
  {
    "name": "diorite_slab",
    "displayName": "Diorite Slab"
  },
  {
    "name": "cobbled_deepslate_slab",
    "displayName": "Cobbled Deepslate Slab"
  },
  {
    "name": "polished_deepslate_slab",
    "displayName": "Polished Deepslate Slab"
  },
  {
    "name": "deepslate_brick_slab",
    "displayName": "Deepslate Brick Slab"
  },
  {
    "name": "deepslate_tile_slab",
    "displayName": "Deepslate Tile Slab"
  },
  {
    "name": "scaffolding",
    "displayName": "Scaffolding"
  },
  {
    "name": "redstone",
    "displayName": "Redstone Dust"
  },
  {
    "name": "redstone_torch",
    "displayName": "Redstone Torch"
  },
  {
    "name": "redstone_block",
    "displayName": "Block of Redstone"
  },
  {
    "name": "repeater",
    "displayName": "Redstone Repeater"
  },
  {
    "name": "comparator",
    "displayName": "Redstone Comparator"
  },
  {
    "name": "piston",
    "displayName": "Piston"
  },
  {
    "name": "sticky_piston",
    "displayName": "Sticky Piston"
  },
  {
    "name": "slime_block",
    "displayName": "Slime Block"
  },
  {
    "name": "honey_block",
    "displayName": "Honey Block"
  },
  {
    "name": "observer",
    "displayName": "Observer"
  },
  {
    "name": "hopper",
    "displayName": "Hopper"
  },
  {
    "name": "dispenser",
    "displayName": "Dispenser"
  },
  {
    "name": "dropper",
    "displayName": "Dropper"
  },
  {
    "name": "lectern",
    "displayName": "Lectern"
  },
  {
    "name": "target",
    "displayName": "Target"
  },
  {
    "name": "lever",
    "displayName": "Lever"
  },
  {
    "name": "lightning_rod",
    "displayName": "Lightning Rod"
  },
  {
    "name": "daylight_detector",
    "displayName": "Daylight Detector"
  },
  {
    "name": "sculk_sensor",
    "displayName": "Sculk Sensor"
  },
  {
    "name": "tripwire_hook",
    "displayName": "Tripwire Hook"
  },
  {
    "name": "trapped_chest",
    "displayName": "Trapped Chest"
  },
  {
    "name": "tnt",
    "displayName": "TNT"
  },
  {
    "name": "redstone_lamp",
    "displayName": "Redstone Lamp"
  },
  {
    "name": "note_block",
    "displayName": "Note Block"
  },
  {
    "name": "stone_button",
    "displayName": "Stone Button"
  },
  {
    "name": "polished_blackstone_button",
    "displayName": "Polished Blackstone Button"
  },
  {
    "name": "oak_button",
    "displayName": "Oak Button"
  },
  {
    "name": "spruce_button",
    "displayName": "Spruce Button"
  },
  {
    "name": "birch_button",
    "displayName": "Birch Button"
  },
  {
    "name": "jungle_button",
    "displayName": "Jungle Button"
  },
  {
    "name": "acacia_button",
    "displayName": "Acacia Button"
  },
  {
    "name": "cherry_button",
    "displayName": "Cherry Button"
  },
  {
    "name": "dark_oak_button",
    "displayName": "Dark Oak Button"
  },
  {
    "name": "mangrove_button",
    "displayName": "Mangrove Button"
  },
  {
    "name": "bamboo_button",
    "displayName": "Bamboo Button"
  },
  {
    "name": "crimson_button",
    "displayName": "Crimson Button"
  },
  {
    "name": "warped_button",
    "displayName": "Warped Button"
  },
  {
    "name": "stone_pressure_plate",
    "displayName": "Stone Pressure Plate"
  },
  {
    "name": "polished_blackstone_pressure_plate",
    "displayName": "Polished Blackstone Pressure Plate"
  },
  {
    "name": "light_weighted_pressure_plate",
    "displayName": "Light Weighted Pressure Plate"
  },
  {
    "name": "heavy_weighted_pressure_plate",
    "displayName": "Heavy Weighted Pressure Plate"
  },
  {
    "name": "oak_pressure_plate",
    "displayName": "Oak Pressure Plate"
  },
  {
    "name": "spruce_pressure_plate",
    "displayName": "Spruce Pressure Plate"
  },
  {
    "name": "birch_pressure_plate",
    "displayName": "Birch Pressure Plate"
  },
  {
    "name": "jungle_pressure_plate",
    "displayName": "Jungle Pressure Plate"
  },
  {
    "name": "acacia_pressure_plate",
    "displayName": "Acacia Pressure Plate"
  },
  {
    "name": "cherry_pressure_plate",
    "displayName": "Cherry Pressure Plate"
  },
  {
    "name": "dark_oak_pressure_plate",
    "displayName": "Dark Oak Pressure Plate"
  },
  {
    "name": "mangrove_pressure_plate",
    "displayName": "Mangrove Pressure Plate"
  },
  {
    "name": "bamboo_pressure_plate",
    "displayName": "Bamboo Pressure Plate"
  },
  {
    "name": "crimson_pressure_plate",
    "displayName": "Crimson Pressure Plate"
  },
  {
    "name": "warped_pressure_plate",
    "displayName": "Warped Pressure Plate"
  },
  {
    "name": "iron_door",
    "displayName": "Iron Door"
  },
  {
    "name": "oak_door",
    "displayName": "Oak Door"
  },
  {
    "name": "spruce_door",
    "displayName": "Spruce Door"
  },
  {
    "name": "birch_door",
    "displayName": "Birch Door"
  },
  {
    "name": "jungle_door",
    "displayName": "Jungle Door"
  },
  {
    "name": "acacia_door",
    "displayName": "Acacia Door"
  },
  {
    "name": "cherry_door",
    "displayName": "Cherry Door"
  },
  {
    "name": "dark_oak_door",
    "displayName": "Dark Oak Door"
  },
  {
    "name": "mangrove_door",
    "displayName": "Mangrove Door"
  },
  {
    "name": "bamboo_door",
    "displayName": "Bamboo Door"
  },
  {
    "name": "crimson_door",
    "displayName": "Crimson Door"
  },
  {
    "name": "warped_door",
    "displayName": "Warped Door"
  },
  {
    "name": "iron_trapdoor",
    "displayName": "Iron Trapdoor"
  },
  {
    "name": "oak_trapdoor",
    "displayName": "Oak Trapdoor"
  },
  {
    "name": "spruce_trapdoor",
    "displayName": "Spruce Trapdoor"
  },
  {
    "name": "birch_trapdoor",
    "displayName": "Birch Trapdoor"
  },
  {
    "name": "jungle_trapdoor",
    "displayName": "Jungle Trapdoor"
  },
  {
    "name": "acacia_trapdoor",
    "displayName": "Acacia Trapdoor"
  },
  {
    "name": "cherry_trapdoor",
    "displayName": "Cherry Trapdoor"
  },
  {
    "name": "dark_oak_trapdoor",
    "displayName": "Dark Oak Trapdoor"
  },
  {
    "name": "mangrove_trapdoor",
    "displayName": "Mangrove Trapdoor"
  },
  {
    "name": "bamboo_trapdoor",
    "displayName": "Bamboo Trapdoor"
  },
  {
    "name": "crimson_trapdoor",
    "displayName": "Crimson Trapdoor"
  },
  {
    "name": "warped_trapdoor",
    "displayName": "Warped Trapdoor"
  },
  {
    "name": "oak_fence_gate",
    "displayName": "Oak Fence Gate"
  },
  {
    "name": "spruce_fence_gate",
    "displayName": "Spruce Fence Gate"
  },
  {
    "name": "birch_fence_gate",
    "displayName": "Birch Fence Gate"
  },
  {
    "name": "jungle_fence_gate",
    "displayName": "Jungle Fence Gate"
  },
  {
    "name": "acacia_fence_gate",
    "displayName": "Acacia Fence Gate"
  },
  {
    "name": "cherry_fence_gate",
    "displayName": "Cherry Fence Gate"
  },
  {
    "name": "dark_oak_fence_gate",
    "displayName": "Dark Oak Fence Gate"
  },
  {
    "name": "mangrove_fence_gate",
    "displayName": "Mangrove Fence Gate"
  },
  {
    "name": "bamboo_fence_gate",
    "displayName": "Bamboo Fence Gate"
  },
  {
    "name": "crimson_fence_gate",
    "displayName": "Crimson Fence Gate"
  },
  {
    "name": "warped_fence_gate",
    "displayName": "Warped Fence Gate"
  },
  {
    "name": "powered_rail",
    "displayName": "Powered Rail"
  },
  {
    "name": "detector_rail",
    "displayName": "Detector Rail"
  },
  {
    "name": "rail",
    "displayName": "Rail"
  },
  {
    "name": "activator_rail",
    "displayName": "Activator Rail"
  },
  {
    "name": "saddle",
    "displayName": "Saddle"
  },
  {
    "name": "minecart",
    "displayName": "Minecart"
  },
  {
    "name": "chest_minecart",
    "displayName": "Minecart with Chest"
  },
  {
    "name": "furnace_minecart",
    "displayName": "Minecart with Furnace"
  },
  {
    "name": "tnt_minecart",
    "displayName": "Minecart with TNT"
  },
  {
    "name": "hopper_minecart",
    "displayName": "Minecart with Hopper"
  },
  {
    "name": "carrot_on_a_stick",
    "displayName": "Carrot on a Stick"
  },
  {
    "name": "warped_fungus_on_a_stick",
    "displayName": "Warped Fungus on a Stick"
  },
  {
    "name": "elytra",
    "displayName": "Elytra"
  },
  {
    "name": "oak_boat",
    "displayName": "Oak Boat"
  },
  {
    "name": "oak_chest_boat",
    "displayName": "Oak Boat with Chest"
  },
  {
    "name": "spruce_boat",
    "displayName": "Spruce Boat"
  },
  {
    "name": "spruce_chest_boat",
    "displayName": "Spruce Boat with Chest"
  },
  {
    "name": "birch_boat",
    "displayName": "Birch Boat"
  },
  {
    "name": "birch_chest_boat",
    "displayName": "Birch Boat with Chest"
  },
  {
    "name": "jungle_boat",
    "displayName": "Jungle Boat"
  },
  {
    "name": "jungle_chest_boat",
    "displayName": "Jungle Boat with Chest"
  },
  {
    "name": "acacia_boat",
    "displayName": "Acacia Boat"
  },
  {
    "name": "acacia_chest_boat",
    "displayName": "Acacia Boat with Chest"
  },
  {
    "name": "cherry_boat",
    "displayName": "Cherry Boat"
  },
  {
    "name": "cherry_chest_boat",
    "displayName": "Cherry Boat with Chest"
  },
  {
    "name": "dark_oak_boat",
    "displayName": "Dark Oak Boat"
  },
  {
    "name": "dark_oak_chest_boat",
    "displayName": "Dark Oak Boat with Chest"
  },
  {
    "name": "mangrove_boat",
    "displayName": "Mangrove Boat"
  },
  {
    "name": "mangrove_chest_boat",
    "displayName": "Mangrove Boat with Chest"
  },
  {
    "name": "bamboo_raft",
    "displayName": "Bamboo Raft"
  },
  {
    "name": "bamboo_chest_raft",
    "displayName": "Bamboo Raft with Chest"
  },
  {
    "name": "structure_block",
    "displayName": "Structure Block"
  },
  {
    "name": "jigsaw",
    "displayName": "Jigsaw Block"
  },
  {
    "name": "turtle_helmet",
    "displayName": "Turtle Shell"
  },
  {
    "name": "scute",
    "displayName": "Scute"
  },
  {
    "name": "flint_and_steel",
    "displayName": "Flint and Steel"
  },
  {
    "name": "apple",
    "displayName": "Apple"
  },
  {
    "name": "bow",
    "displayName": "Bow"
  },
  {
    "name": "arrow",
    "displayName": "Arrow"
  },
  {
    "name": "coal",
    "displayName": "Coal"
  },
  {
    "name": "charcoal",
    "displayName": "Charcoal"
  },
  {
    "name": "diamond",
    "displayName": "Diamond"
  },
  {
    "name": "emerald",
    "displayName": "Emerald"
  },
  {
    "name": "lapis_lazuli",
    "displayName": "Lapis Lazuli"
  },
  {
    "name": "quartz",
    "displayName": "Nether Quartz"
  },
  {
    "name": "amethyst_shard",
    "displayName": "Amethyst Shard"
  },
  {
    "name": "raw_iron",
    "displayName": "Raw Iron"
  },
  {
    "name": "iron_ingot",
    "displayName": "Iron Ingot"
  },
  {
    "name": "raw_copper",
    "displayName": "Raw Copper"
  },
  {
    "name": "copper_ingot",
    "displayName": "Copper Ingot"
  },
  {
    "name": "raw_gold",
    "displayName": "Raw Gold"
  },
  {
    "name": "gold_ingot",
    "displayName": "Gold Ingot"
  },
  {
    "name": "netherite_ingot",
    "displayName": "Netherite Ingot"
  },
  {
    "name": "netherite_scrap",
    "displayName": "Netherite Scrap"
  },
  {
    "name": "wooden_sword",
    "displayName": "Wooden Sword"
  },
  {
    "name": "wooden_shovel",
    "displayName": "Wooden Shovel"
  },
  {
    "name": "wooden_pickaxe",
    "displayName": "Wooden Pickaxe"
  },
  {
    "name": "wooden_axe",
    "displayName": "Wooden Axe"
  },
  {
    "name": "wooden_hoe",
    "displayName": "Wooden Hoe"
  },
  {
    "name": "stone_sword",
    "displayName": "Stone Sword"
  },
  {
    "name": "stone_shovel",
    "displayName": "Stone Shovel"
  },
  {
    "name": "stone_pickaxe",
    "displayName": "Stone Pickaxe"
  },
  {
    "name": "stone_axe",
    "displayName": "Stone Axe"
  },
  {
    "name": "stone_hoe",
    "displayName": "Stone Hoe"
  },
  {
    "name": "golden_sword",
    "displayName": "Golden Sword"
  },
  {
    "name": "golden_shovel",
    "displayName": "Golden Shovel"
  },
  {
    "name": "golden_pickaxe",
    "displayName": "Golden Pickaxe"
  },
  {
    "name": "golden_axe",
    "displayName": "Golden Axe"
  },
  {
    "name": "golden_hoe",
    "displayName": "Golden Hoe"
  },
  {
    "name": "iron_sword",
    "displayName": "Iron Sword"
  },
  {
    "name": "iron_shovel",
    "displayName": "Iron Shovel"
  },
  {
    "name": "iron_pickaxe",
    "displayName": "Iron Pickaxe"
  },
  {
    "name": "iron_axe",
    "displayName": "Iron Axe"
  },
  {
    "name": "iron_hoe",
    "displayName": "Iron Hoe"
  },
  {
    "name": "diamond_sword",
    "displayName": "Diamond Sword"
  },
  {
    "name": "diamond_shovel",
    "displayName": "Diamond Shovel"
  },
  {
    "name": "diamond_pickaxe",
    "displayName": "Diamond Pickaxe"
  },
  {
    "name": "diamond_axe",
    "displayName": "Diamond Axe"
  },
  {
    "name": "diamond_hoe",
    "displayName": "Diamond Hoe"
  },
  {
    "name": "netherite_sword",
    "displayName": "Netherite Sword"
  },
  {
    "name": "netherite_shovel",
    "displayName": "Netherite Shovel"
  },
  {
    "name": "netherite_pickaxe",
    "displayName": "Netherite Pickaxe"
  },
  {
    "name": "netherite_axe",
    "displayName": "Netherite Axe"
  },
  {
    "name": "netherite_hoe",
    "displayName": "Netherite Hoe"
  },
  {
    "name": "stick",
    "displayName": "Stick"
  },
  {
    "name": "bowl",
    "displayName": "Bowl"
  },
  {
    "name": "mushroom_stew",
    "displayName": "Mushroom Stew"
  },
  {
    "name": "string",
    "displayName": "String"
  },
  {
    "name": "feather",
    "displayName": "Feather"
  },
  {
    "name": "gunpowder",
    "displayName": "Gunpowder"
  },
  {
    "name": "wheat_seeds",
    "displayName": "Wheat Seeds"
  },
  {
    "name": "wheat",
    "displayName": "Wheat"
  },
  {
    "name": "bread",
    "displayName": "Bread"
  },
  {
    "name": "leather_helmet",
    "displayName": "Leather Cap"
  },
  {
    "name": "leather_chestplate",
    "displayName": "Leather Tunic"
  },
  {
    "name": "leather_leggings",
    "displayName": "Leather Pants"
  },
  {
    "name": "leather_boots",
    "displayName": "Leather Boots"
  },
  {
    "name": "chainmail_helmet",
    "displayName": "Chainmail Helmet"
  },
  {
    "name": "chainmail_chestplate",
    "displayName": "Chainmail Chestplate"
  },
  {
    "name": "chainmail_leggings",
    "displayName": "Chainmail Leggings"
  },
  {
    "name": "chainmail_boots",
    "displayName": "Chainmail Boots"
  },
  {
    "name": "iron_helmet",
    "displayName": "Iron Helmet"
  },
  {
    "name": "iron_chestplate",
    "displayName": "Iron Chestplate"
  },
  {
    "name": "iron_leggings",
    "displayName": "Iron Leggings"
  },
  {
    "name": "iron_boots",
    "displayName": "Iron Boots"
  },
  {
    "name": "diamond_helmet",
    "displayName": "Diamond Helmet"
  },
  {
    "name": "diamond_chestplate",
    "displayName": "Diamond Chestplate"
  },
  {
    "name": "diamond_leggings",
    "displayName": "Diamond Leggings"
  },
  {
    "name": "diamond_boots",
    "displayName": "Diamond Boots"
  },
  {
    "name": "golden_helmet",
    "displayName": "Golden Helmet"
  },
  {
    "name": "golden_chestplate",
    "displayName": "Golden Chestplate"
  },
  {
    "name": "golden_leggings",
    "displayName": "Golden Leggings"
  },
  {
    "name": "golden_boots",
    "displayName": "Golden Boots"
  },
  {
    "name": "netherite_helmet",
    "displayName": "Netherite Helmet"
  },
  {
    "name": "netherite_chestplate",
    "displayName": "Netherite Chestplate"
  },
  {
    "name": "netherite_leggings",
    "displayName": "Netherite Leggings"
  },
  {
    "name": "netherite_boots",
    "displayName": "Netherite Boots"
  },
  {
    "name": "flint",
    "displayName": "Flint"
  },
  {
    "name": "porkchop",
    "displayName": "Raw Porkchop"
  },
  {
    "name": "cooked_porkchop",
    "displayName": "Cooked Porkchop"
  },
  {
    "name": "painting",
    "displayName": "Painting"
  },
  {
    "name": "golden_apple",
    "displayName": "Golden Apple"
  },
  {
    "name": "enchanted_golden_apple",
    "displayName": "Enchanted Golden Apple"
  },
  {
    "name": "oak_sign",
    "displayName": "Oak Sign"
  },
  {
    "name": "spruce_sign",
    "displayName": "Spruce Sign"
  },
  {
    "name": "birch_sign",
    "displayName": "Birch Sign"
  },
  {
    "name": "jungle_sign",
    "displayName": "Jungle Sign"
  },
  {
    "name": "acacia_sign",
    "displayName": "Acacia Sign"
  },
  {
    "name": "cherry_sign",
    "displayName": "Cherry Sign"
  },
  {
    "name": "dark_oak_sign",
    "displayName": "Dark Oak Sign"
  },
  {
    "name": "mangrove_sign",
    "displayName": "Mangrove Sign"
  },
  {
    "name": "bamboo_sign",
    "displayName": "Bamboo Sign"
  },
  {
    "name": "crimson_sign",
    "displayName": "Crimson Sign"
  },
  {
    "name": "warped_sign",
    "displayName": "Warped Sign"
  },
  {
    "name": "oak_hanging_sign",
    "displayName": "Oak Hanging Sign"
  },
  {
    "name": "spruce_hanging_sign",
    "displayName": "Spruce Hanging Sign"
  },
  {
    "name": "birch_hanging_sign",
    "displayName": "Birch Hanging Sign"
  },
  {
    "name": "jungle_hanging_sign",
    "displayName": "Jungle Hanging Sign"
  },
  {
    "name": "acacia_hanging_sign",
    "displayName": "Acacia Hanging Sign"
  },
  {
    "name": "cherry_hanging_sign",
    "displayName": "Cherry Hanging Sign"
  },
  {
    "name": "dark_oak_hanging_sign",
    "displayName": "Dark Oak Hanging Sign"
  },
  {
    "name": "mangrove_hanging_sign",
    "displayName": "Mangrove Hanging Sign"
  },
  {
    "name": "bamboo_hanging_sign",
    "displayName": "Bamboo Hanging Sign"
  },
  {
    "name": "crimson_hanging_sign",
    "displayName": "Crimson Hanging Sign"
  },
  {
    "name": "warped_hanging_sign",
    "displayName": "Warped Hanging Sign"
  },
  {
    "name": "bucket",
    "displayName": "Bucket"
  },
  {
    "name": "water_bucket",
    "displayName": "Water Bucket"
  },
  {
    "name": "lava_bucket",
    "displayName": "Lava Bucket"
  },
  {
    "name": "powder_snow_bucket",
    "displayName": "Powder Snow Bucket"
  },
  {
    "name": "snowball",
    "displayName": "Snowball"
  },
  {
    "name": "leather",
    "displayName": "Leather"
  },
  {
    "name": "milk_bucket",
    "displayName": "Milk Bucket"
  },
  {
    "name": "pufferfish_bucket",
    "displayName": "Bucket of Pufferfish"
  },
  {
    "name": "salmon_bucket",
    "displayName": "Bucket of Salmon"
  },
  {
    "name": "cod_bucket",
    "displayName": "Bucket of Cod"
  },
  {
    "name": "tropical_fish_bucket",
    "displayName": "Bucket of Tropical Fish"
  },
  {
    "name": "axolotl_bucket",
    "displayName": "Bucket of Axolotl"
  },
  {
    "name": "tadpole_bucket",
    "displayName": "Bucket of Tadpole"
  },
  {
    "name": "brick",
    "displayName": "Brick"
  },
  {
    "name": "clay_ball",
    "displayName": "Clay Ball"
  },
  {
    "name": "dried_kelp_block",
    "displayName": "Dried Kelp Block"
  },
  {
    "name": "paper",
    "displayName": "Paper"
  },
  {
    "name": "book",
    "displayName": "Book"
  },
  {
    "name": "slime_ball",
    "displayName": "Slimeball"
  },
  {
    "name": "egg",
    "displayName": "Egg"
  },
  {
    "name": "compass",
    "displayName": "Compass"
  },
  {
    "name": "recovery_compass",
    "displayName": "Recovery Compass"
  },
  {
    "name": "bundle",
    "displayName": "Bundle"
  },
  {
    "name": "fishing_rod",
    "displayName": "Fishing Rod"
  },
  {
    "name": "clock",
    "displayName": "Clock"
  },
  {
    "name": "spyglass",
    "displayName": "Spyglass"
  },
  {
    "name": "glowstone_dust",
    "displayName": "Glowstone Dust"
  },
  {
    "name": "cod",
    "displayName": "Raw Cod"
  },
  {
    "name": "salmon",
    "displayName": "Raw Salmon"
  },
  {
    "name": "tropical_fish",
    "displayName": "Tropical Fish"
  },
  {
    "name": "pufferfish",
    "displayName": "Pufferfish"
  },
  {
    "name": "cooked_cod",
    "displayName": "Cooked Cod"
  },
  {
    "name": "cooked_salmon",
    "displayName": "Cooked Salmon"
  },
  {
    "name": "ink_sac",
    "displayName": "Ink Sac"
  },
  {
    "name": "glow_ink_sac",
    "displayName": "Glow Ink Sac"
  },
  {
    "name": "cocoa_beans",
    "displayName": "Cocoa Beans"
  },
  {
    "name": "white_dye",
    "displayName": "White Dye"
  },
  {
    "name": "orange_dye",
    "displayName": "Orange Dye"
  },
  {
    "name": "magenta_dye",
    "displayName": "Magenta Dye"
  },
  {
    "name": "light_blue_dye",
    "displayName": "Light Blue Dye"
  },
  {
    "name": "yellow_dye",
    "displayName": "Yellow Dye"
  },
  {
    "name": "lime_dye",
    "displayName": "Lime Dye"
  },
  {
    "name": "pink_dye",
    "displayName": "Pink Dye"
  },
  {
    "name": "gray_dye",
    "displayName": "Gray Dye"
  },
  {
    "name": "light_gray_dye",
    "displayName": "Light Gray Dye"
  },
  {
    "name": "cyan_dye",
    "displayName": "Cyan Dye"
  },
  {
    "name": "purple_dye",
    "displayName": "Purple Dye"
  },
  {
    "name": "blue_dye",
    "displayName": "Blue Dye"
  },
  {
    "name": "brown_dye",
    "displayName": "Brown Dye"
  },
  {
    "name": "green_dye",
    "displayName": "Green Dye"
  },
  {
    "name": "red_dye",
    "displayName": "Red Dye"
  },
  {
    "name": "black_dye",
    "displayName": "Black Dye"
  },
  {
    "name": "bone_meal",
    "displayName": "Bone Meal"
  },
  {
    "name": "bone",
    "displayName": "Bone"
  },
  {
    "name": "sugar",
    "displayName": "Sugar"
  },
  {
    "name": "cake",
    "displayName": "Cake"
  },
  {
    "name": "white_bed",
    "displayName": "White Bed"
  },
  {
    "name": "orange_bed",
    "displayName": "Orange Bed"
  },
  {
    "name": "magenta_bed",
    "displayName": "Magenta Bed"
  },
  {
    "name": "light_blue_bed",
    "displayName": "Light Blue Bed"
  },
  {
    "name": "yellow_bed",
    "displayName": "Yellow Bed"
  },
  {
    "name": "lime_bed",
    "displayName": "Lime Bed"
  },
  {
    "name": "pink_bed",
    "displayName": "Pink Bed"
  },
  {
    "name": "gray_bed",
    "displayName": "Gray Bed"
  },
  {
    "name": "light_gray_bed",
    "displayName": "Light Gray Bed"
  },
  {
    "name": "cyan_bed",
    "displayName": "Cyan Bed"
  },
  {
    "name": "purple_bed",
    "displayName": "Purple Bed"
  },
  {
    "name": "blue_bed",
    "displayName": "Blue Bed"
  },
  {
    "name": "brown_bed",
    "displayName": "Brown Bed"
  },
  {
    "name": "green_bed",
    "displayName": "Green Bed"
  },
  {
    "name": "red_bed",
    "displayName": "Red Bed"
  },
  {
    "name": "black_bed",
    "displayName": "Black Bed"
  },
  {
    "name": "cookie",
    "displayName": "Cookie"
  },
  {
    "name": "filled_map",
    "displayName": "Map"
  },
  {
    "name": "shears",
    "displayName": "Shears"
  },
  {
    "name": "melon_slice",
    "displayName": "Melon Slice"
  },
  {
    "name": "dried_kelp",
    "displayName": "Dried Kelp"
  },
  {
    "name": "pumpkin_seeds",
    "displayName": "Pumpkin Seeds"
  },
  {
    "name": "melon_seeds",
    "displayName": "Melon Seeds"
  },
  {
    "name": "beef",
    "displayName": "Raw Beef"
  },
  {
    "name": "cooked_beef",
    "displayName": "Steak"
  },
  {
    "name": "chicken",
    "displayName": "Raw Chicken"
  },
  {
    "name": "cooked_chicken",
    "displayName": "Cooked Chicken"
  },
  {
    "name": "rotten_flesh",
    "displayName": "Rotten Flesh"
  },
  {
    "name": "ender_pearl",
    "displayName": "Ender Pearl"
  },
  {
    "name": "blaze_rod",
    "displayName": "Blaze Rod"
  },
  {
    "name": "ghast_tear",
    "displayName": "Ghast Tear"
  },
  {
    "name": "gold_nugget",
    "displayName": "Gold Nugget"
  },
  {
    "name": "nether_wart",
    "displayName": "Nether Wart"
  },
  {
    "name": "potion",
    "displayName": "Potion"
  },
  {
    "name": "glass_bottle",
    "displayName": "Glass Bottle"
  },
  {
    "name": "spider_eye",
    "displayName": "Spider Eye"
  },
  {
    "name": "fermented_spider_eye",
    "displayName": "Fermented Spider Eye"
  },
  {
    "name": "blaze_powder",
    "displayName": "Blaze Powder"
  },
  {
    "name": "magma_cream",
    "displayName": "Magma Cream"
  },
  {
    "name": "brewing_stand",
    "displayName": "Brewing Stand"
  },
  {
    "name": "cauldron",
    "displayName": "Cauldron"
  },
  {
    "name": "ender_eye",
    "displayName": "Eye of Ender"
  },
  {
    "name": "glistering_melon_slice",
    "displayName": "Glistering Melon Slice"
  },
  {
    "name": "allay_spawn_egg",
    "displayName": "Allay Spawn Egg"
  },
  {
    "name": "axolotl_spawn_egg",
    "displayName": "Axolotl Spawn Egg"
  },
  {
    "name": "bat_spawn_egg",
    "displayName": "Bat Spawn Egg"
  },
  {
    "name": "bee_spawn_egg",
    "displayName": "Bee Spawn Egg"
  },
  {
    "name": "blaze_spawn_egg",
    "displayName": "Blaze Spawn Egg"
  },
  {
    "name": "cat_spawn_egg",
    "displayName": "Cat Spawn Egg"
  },
  {
    "name": "camel_spawn_egg",
    "displayName": "Camel Spawn Egg"
  },
  {
    "name": "cave_spider_spawn_egg",
    "displayName": "Cave Spider Spawn Egg"
  },
  {
    "name": "chicken_spawn_egg",
    "displayName": "Chicken Spawn Egg"
  },
  {
    "name": "cod_spawn_egg",
    "displayName": "Cod Spawn Egg"
  },
  {
    "name": "cow_spawn_egg",
    "displayName": "Cow Spawn Egg"
  },
  {
    "name": "creeper_spawn_egg",
    "displayName": "Creeper Spawn Egg"
  },
  {
    "name": "dolphin_spawn_egg",
    "displayName": "Dolphin Spawn Egg"
  },
  {
    "name": "donkey_spawn_egg",
    "displayName": "Donkey Spawn Egg"
  },
  {
    "name": "drowned_spawn_egg",
    "displayName": "Drowned Spawn Egg"
  },
  {
    "name": "elder_guardian_spawn_egg",
    "displayName": "Elder Guardian Spawn Egg"
  },
  {
    "name": "ender_dragon_spawn_egg",
    "displayName": "Ender Dragon Spawn Egg"
  },
  {
    "name": "enderman_spawn_egg",
    "displayName": "Enderman Spawn Egg"
  },
  {
    "name": "endermite_spawn_egg",
    "displayName": "Endermite Spawn Egg"
  },
  {
    "name": "evoker_spawn_egg",
    "displayName": "Evoker Spawn Egg"
  },
  {
    "name": "fox_spawn_egg",
    "displayName": "Fox Spawn Egg"
  },
  {
    "name": "frog_spawn_egg",
    "displayName": "Frog Spawn Egg"
  },
  {
    "name": "ghast_spawn_egg",
    "displayName": "Ghast Spawn Egg"
  },
  {
    "name": "glow_squid_spawn_egg",
    "displayName": "Glow Squid Spawn Egg"
  },
  {
    "name": "goat_spawn_egg",
    "displayName": "Goat Spawn Egg"
  },
  {
    "name": "guardian_spawn_egg",
    "displayName": "Guardian Spawn Egg"
  },
  {
    "name": "hoglin_spawn_egg",
    "displayName": "Hoglin Spawn Egg"
  },
  {
    "name": "horse_spawn_egg",
    "displayName": "Horse Spawn Egg"
  },
  {
    "name": "husk_spawn_egg",
    "displayName": "Husk Spawn Egg"
  },
  {
    "name": "iron_golem_spawn_egg",
    "displayName": "Iron Golem Spawn Egg"
  },
  {
    "name": "llama_spawn_egg",
    "displayName": "Llama Spawn Egg"
  },
  {
    "name": "magma_cube_spawn_egg",
    "displayName": "Magma Cube Spawn Egg"
  },
  {
    "name": "mooshroom_spawn_egg",
    "displayName": "Mooshroom Spawn Egg"
  },
  {
    "name": "mule_spawn_egg",
    "displayName": "Mule Spawn Egg"
  },
  {
    "name": "ocelot_spawn_egg",
    "displayName": "Ocelot Spawn Egg"
  },
  {
    "name": "panda_spawn_egg",
    "displayName": "Panda Spawn Egg"
  },
  {
    "name": "parrot_spawn_egg",
    "displayName": "Parrot Spawn Egg"
  },
  {
    "name": "phantom_spawn_egg",
    "displayName": "Phantom Spawn Egg"
  },
  {
    "name": "pig_spawn_egg",
    "displayName": "Pig Spawn Egg"
  },
  {
    "name": "piglin_spawn_egg",
    "displayName": "Piglin Spawn Egg"
  },
  {
    "name": "piglin_brute_spawn_egg",
    "displayName": "Piglin Brute Spawn Egg"
  },
  {
    "name": "pillager_spawn_egg",
    "displayName": "Pillager Spawn Egg"
  },
  {
    "name": "polar_bear_spawn_egg",
    "displayName": "Polar Bear Spawn Egg"
  },
  {
    "name": "pufferfish_spawn_egg",
    "displayName": "Pufferfish Spawn Egg"
  },
  {
    "name": "rabbit_spawn_egg",
    "displayName": "Rabbit Spawn Egg"
  },
  {
    "name": "ravager_spawn_egg",
    "displayName": "Ravager Spawn Egg"
  },
  {
    "name": "salmon_spawn_egg",
    "displayName": "Salmon Spawn Egg"
  },
  {
    "name": "sheep_spawn_egg",
    "displayName": "Sheep Spawn Egg"
  },
  {
    "name": "shulker_spawn_egg",
    "displayName": "Shulker Spawn Egg"
  },
  {
    "name": "silverfish_spawn_egg",
    "displayName": "Silverfish Spawn Egg"
  },
  {
    "name": "skeleton_spawn_egg",
    "displayName": "Skeleton Spawn Egg"
  },
  {
    "name": "skeleton_horse_spawn_egg",
    "displayName": "Skeleton Horse Spawn Egg"
  },
  {
    "name": "slime_spawn_egg",
    "displayName": "Slime Spawn Egg"
  },
  {
    "name": "sniffer_spawn_egg",
    "displayName": "Sniffer Spawn Egg"
  },
  {
    "name": "snow_golem_spawn_egg",
    "displayName": "Snow Golem Spawn Egg"
  },
  {
    "name": "spider_spawn_egg",
    "displayName": "Spider Spawn Egg"
  },
  {
    "name": "squid_spawn_egg",
    "displayName": "Squid Spawn Egg"
  },
  {
    "name": "stray_spawn_egg",
    "displayName": "Stray Spawn Egg"
  },
  {
    "name": "strider_spawn_egg",
    "displayName": "Strider Spawn Egg"
  },
  {
    "name": "tadpole_spawn_egg",
    "displayName": "Tadpole Spawn Egg"
  },
  {
    "name": "trader_llama_spawn_egg",
    "displayName": "Trader Llama Spawn Egg"
  },
  {
    "name": "tropical_fish_spawn_egg",
    "displayName": "Tropical Fish Spawn Egg"
  },
  {
    "name": "turtle_spawn_egg",
    "displayName": "Turtle Spawn Egg"
  },
  {
    "name": "vex_spawn_egg",
    "displayName": "Vex Spawn Egg"
  },
  {
    "name": "villager_spawn_egg",
    "displayName": "Villager Spawn Egg"
  },
  {
    "name": "vindicator_spawn_egg",
    "displayName": "Vindicator Spawn Egg"
  },
  {
    "name": "wandering_trader_spawn_egg",
    "displayName": "Wandering Trader Spawn Egg"
  },
  {
    "name": "warden_spawn_egg",
    "displayName": "Warden Spawn Egg"
  },
  {
    "name": "witch_spawn_egg",
    "displayName": "Witch Spawn Egg"
  },
  {
    "name": "wither_spawn_egg",
    "displayName": "Wither Spawn Egg"
  },
  {
    "name": "wither_skeleton_spawn_egg",
    "displayName": "Wither Skeleton Spawn Egg"
  },
  {
    "name": "wolf_spawn_egg",
    "displayName": "Wolf Spawn Egg"
  },
  {
    "name": "zoglin_spawn_egg",
    "displayName": "Zoglin Spawn Egg"
  },
  {
    "name": "zombie_spawn_egg",
    "displayName": "Zombie Spawn Egg"
  },
  {
    "name": "zombie_horse_spawn_egg",
    "displayName": "Zombie Horse Spawn Egg"
  },
  {
    "name": "zombie_villager_spawn_egg",
    "displayName": "Zombie Villager Spawn Egg"
  },
  {
    "name": "zombified_piglin_spawn_egg",
    "displayName": "Zombified Piglin Spawn Egg"
  },
  {
    "name": "experience_bottle",
    "displayName": "Bottle o' Enchanting"
  },
  {
    "name": "fire_charge",
    "displayName": "Fire Charge"
  },
  {
    "name": "writable_book",
    "displayName": "Book and Quill"
  },
  {
    "name": "written_book",
    "displayName": "Written Book"
  },
  {
    "name": "item_frame",
    "displayName": "Item Frame"
  },
  {
    "name": "glow_item_frame",
    "displayName": "Glow Item Frame"
  },
  {
    "name": "flower_pot",
    "displayName": "Flower Pot"
  },
  {
    "name": "carrot",
    "displayName": "Carrot"
  },
  {
    "name": "potato",
    "displayName": "Potato"
  },
  {
    "name": "baked_potato",
    "displayName": "Baked Potato"
  },
  {
    "name": "poisonous_potato",
    "displayName": "Poisonous Potato"
  },
  {
    "name": "map",
    "displayName": "Empty Map"
  },
  {
    "name": "golden_carrot",
    "displayName": "Golden Carrot"
  },
  {
    "name": "skeleton_skull",
    "displayName": "Skeleton Skull"
  },
  {
    "name": "wither_skeleton_skull",
    "displayName": "Wither Skeleton Skull"
  },
  {
    "name": "player_head",
    "displayName": "Player Head"
  },
  {
    "name": "zombie_head",
    "displayName": "Zombie Head"
  },
  {
    "name": "creeper_head",
    "displayName": "Creeper Head"
  },
  {
    "name": "dragon_head",
    "displayName": "Dragon Head"
  },
  {
    "name": "piglin_head",
    "displayName": "Piglin Head"
  },
  {
    "name": "nether_star",
    "displayName": "Nether Star"
  },
  {
    "name": "pumpkin_pie",
    "displayName": "Pumpkin Pie"
  },
  {
    "name": "firework_rocket",
    "displayName": "Firework Rocket"
  },
  {
    "name": "firework_star",
    "displayName": "Firework Star"
  },
  {
    "name": "enchanted_book",
    "displayName": "Enchanted Book"
  },
  {
    "name": "nether_brick",
    "displayName": "Nether Brick"
  },
  {
    "name": "prismarine_shard",
    "displayName": "Prismarine Shard"
  },
  {
    "name": "prismarine_crystals",
    "displayName": "Prismarine Crystals"
  },
  {
    "name": "rabbit",
    "displayName": "Raw Rabbit"
  },
  {
    "name": "cooked_rabbit",
    "displayName": "Cooked Rabbit"
  },
  {
    "name": "rabbit_stew",
    "displayName": "Rabbit Stew"
  },
  {
    "name": "rabbit_foot",
    "displayName": "Rabbit's Foot"
  },
  {
    "name": "rabbit_hide",
    "displayName": "Rabbit Hide"
  },
  {
    "name": "armor_stand",
    "displayName": "Armor Stand"
  },
  {
    "name": "iron_horse_armor",
    "displayName": "Iron Horse Armor"
  },
  {
    "name": "golden_horse_armor",
    "displayName": "Golden Horse Armor"
  },
  {
    "name": "diamond_horse_armor",
    "displayName": "Diamond Horse Armor"
  },
  {
    "name": "leather_horse_armor",
    "displayName": "Leather Horse Armor"
  },
  {
    "name": "lead",
    "displayName": "Lead"
  },
  {
    "name": "name_tag",
    "displayName": "Name Tag"
  },
  {
    "name": "command_block_minecart",
    "displayName": "Minecart with Command Block"
  },
  {
    "name": "mutton",
    "displayName": "Raw Mutton"
  },
  {
    "name": "cooked_mutton",
    "displayName": "Cooked Mutton"
  },
  {
    "name": "white_banner",
    "displayName": "White Banner"
  },
  {
    "name": "orange_banner",
    "displayName": "Orange Banner"
  },
  {
    "name": "magenta_banner",
    "displayName": "Magenta Banner"
  },
  {
    "name": "light_blue_banner",
    "displayName": "Light Blue Banner"
  },
  {
    "name": "yellow_banner",
    "displayName": "Yellow Banner"
  },
  {
    "name": "lime_banner",
    "displayName": "Lime Banner"
  },
  {
    "name": "pink_banner",
    "displayName": "Pink Banner"
  },
  {
    "name": "gray_banner",
    "displayName": "Gray Banner"
  },
  {
    "name": "light_gray_banner",
    "displayName": "Light Gray Banner"
  },
  {
    "name": "cyan_banner",
    "displayName": "Cyan Banner"
  },
  {
    "name": "purple_banner",
    "displayName": "Purple Banner"
  },
  {
    "name": "blue_banner",
    "displayName": "Blue Banner"
  },
  {
    "name": "brown_banner",
    "displayName": "Brown Banner"
  },
  {
    "name": "green_banner",
    "displayName": "Green Banner"
  },
  {
    "name": "red_banner",
    "displayName": "Red Banner"
  },
  {
    "name": "black_banner",
    "displayName": "Black Banner"
  },
  {
    "name": "end_crystal",
    "displayName": "End Crystal"
  },
  {
    "name": "chorus_fruit",
    "displayName": "Chorus Fruit"
  },
  {
    "name": "popped_chorus_fruit",
    "displayName": "Popped Chorus Fruit"
  },
  {
    "name": "torchflower_seeds",
    "displayName": "Torchflower Seeds"
  },
  {
    "name": "beetroot",
    "displayName": "Beetroot"
  },
  {
    "name": "beetroot_seeds",
    "displayName": "Beetroot Seeds"
  },
  {
    "name": "beetroot_soup",
    "displayName": "Beetroot Soup"
  },
  {
    "name": "dragon_breath",
    "displayName": "Dragon's Breath"
  },
  {
    "name": "splash_potion",
    "displayName": "Splash Potion"
  },
  {
    "name": "spectral_arrow",
    "displayName": "Spectral Arrow"
  },
  {
    "name": "tipped_arrow",
    "displayName": "Tipped Arrow"
  },
  {
    "name": "lingering_potion",
    "displayName": "Lingering Potion"
  },
  {
    "name": "shield",
    "displayName": "Shield"
  },
  {
    "name": "totem_of_undying",
    "displayName": "Totem of Undying"
  },
  {
    "name": "shulker_shell",
    "displayName": "Shulker Shell"
  },
  {
    "name": "iron_nugget",
    "displayName": "Iron Nugget"
  },
  {
    "name": "knowledge_book",
    "displayName": "Knowledge Book"
  },
  {
    "name": "debug_stick",
    "displayName": "Debug Stick"
  },
  {
    "name": "music_disc_13",
    "displayName": "Music Disc - 13"
  },
  {
    "name": "music_disc_cat",
    "displayName": "Music Disc - Cat"
  },
  {
    "name": "music_disc_blocks",
    "displayName": "Music Disc - Blocks"
  },
  {
    "name": "music_disc_chirp",
    "displayName": "Music Disc - Chirp"
  },
  {
    "name": "music_disc_far",
    "displayName": "Music Disc - Far"
  },
  {
    "name": "music_disc_mall",
    "displayName": "Music Disc - Mall"
  },
  {
    "name": "music_disc_mellohi",
    "displayName": "Music Disc - Mellohi"
  },
  {
    "name": "music_disc_stal",
    "displayName": "Music Disc - Stal"
  },
  {
    "name": "music_disc_strad",
    "displayName": "Music Disc - Strad"
  },
  {
    "name": "music_disc_ward",
    "displayName": "Music Disc - Ward"
  },
  {
    "name": "music_disc_11",
    "displayName": "Music Disc - 11"
  },
  {
    "name": "music_disc_wait",
    "displayName": "Music Disc - Wait"
  },
  {
    "name": "music_disc_otherside",
    "displayName": "Music Disc - Otherside"
  },
  {
    "name": "music_disc_5",
    "displayName": "Music Disc - 5"
  },
  {
    "name": "music_disc_pigstep",
    "displayName": "Music Disc - Pigstep"
  },
  {
    "name": "disc_fragment_5",
    "displayName": "Disc Fragment"
  },
  {
    "name": "trident",
    "displayName": "Trident"
  },
  {
    "name": "phantom_membrane",
    "displayName": "Phantom Membrane"
  },
  {
    "name": "nautilus_shell",
    "displayName": "Nautilus Shell"
  },
  {
    "name": "heart_of_the_sea",
    "displayName": "Heart of the Sea"
  },
  {
    "name": "crossbow",
    "displayName": "Crossbow"
  },
  {
    "name": "suspicious_stew",
    "displayName": "Suspicious Stew"
  },
  {
    "name": "loom",
    "displayName": "Loom"
  },
  {
    "name": "flower_banner_pattern",
    "displayName": "Banner Pattern - Flower"
  },
  {
    "name": "creeper_banner_pattern",
    "displayName": "Banner Pattern - Creeper"
  },
  {
    "name": "skull_banner_pattern",
    "displayName": "Banner Pattern - Skull"
  },
  {
    "name": "mojang_banner_pattern",
    "displayName": "Banner Pattern - Mojang"
  },
  {
    "name": "globe_banner_pattern",
    "displayName": "Banner Pattern - Globe"
  },
  {
    "name": "piglin_banner_pattern",
    "displayName": "Banner Pattern - Piglin"
  },
  {
    "name": "goat_horn",
    "displayName": "Goat Horn"
  },
  {
    "name": "composter",
    "displayName": "Composter"
  },
  {
    "name": "barrel",
    "displayName": "Barrel"
  },
  {
    "name": "smoker",
    "displayName": "Smoker"
  },
  {
    "name": "blast_furnace",
    "displayName": "Blast Furnace"
  },
  {
    "name": "cartography_table",
    "displayName": "Cartography Table"
  },
  {
    "name": "fletching_table",
    "displayName": "Fletching Table"
  },
  {
    "name": "grindstone",
    "displayName": "Grindstone"
  },
  {
    "name": "smithing_table",
    "displayName": "Smithing Table"
  },
  {
    "name": "stonecutter",
    "displayName": "Stonecutter"
  },
  {
    "name": "bell",
    "displayName": "Bell"
  },
  {
    "name": "lantern",
    "displayName": "Lantern"
  },
  {
    "name": "soul_lantern",
    "displayName": "Soul Lantern"
  },
  {
    "name": "sweet_berries",
    "displayName": "Sweet Berries"
  },
  {
    "name": "glow_berries",
    "displayName": "Glow Berries"
  },
  {
    "name": "campfire",
    "displayName": "Campfire"
  },
  {
    "name": "soul_campfire",
    "displayName": "Soul Campfire"
  },
  {
    "name": "shroomlight",
    "displayName": "Shroomlight"
  },
  {
    "name": "honeycomb",
    "displayName": "Honeycomb"
  },
  {
    "name": "bee_nest",
    "displayName": "Bee Nest"
  },
  {
    "name": "beehive",
    "displayName": "Beehive"
  },
  {
    "name": "honey_bottle",
    "displayName": "Honey Bottle"
  },
  {
    "name": "honeycomb_block",
    "displayName": "Honeycomb Block"
  },
  {
    "name": "lodestone",
    "displayName": "Lodestone"
  },
  {
    "name": "crying_obsidian",
    "displayName": "Crying Obsidian"
  },
  {
    "name": "blackstone",
    "displayName": "Blackstone"
  },
  {
    "name": "blackstone_slab",
    "displayName": "Blackstone Slab"
  },
  {
    "name": "blackstone_stairs",
    "displayName": "Blackstone Stairs"
  },
  {
    "name": "gilded_blackstone",
    "displayName": "Gilded Blackstone"
  },
  {
    "name": "polished_blackstone",
    "displayName": "Polished Blackstone"
  },
  {
    "name": "polished_blackstone_slab",
    "displayName": "Polished Blackstone Slab"
  },
  {
    "name": "polished_blackstone_stairs",
    "displayName": "Polished Blackstone Stairs"
  },
  {
    "name": "chiseled_polished_blackstone",
    "displayName": "Chiseled Polished Blackstone"
  },
  {
    "name": "polished_blackstone_bricks",
    "displayName": "Polished Blackstone Bricks"
  },
  {
    "name": "polished_blackstone_brick_slab",
    "displayName": "Polished Blackstone Brick Slab"
  },
  {
    "name": "polished_blackstone_brick_stairs",
    "displayName": "Polished Blackstone Brick Stairs"
  },
  {
    "name": "cracked_polished_blackstone_bricks",
    "displayName": "Cracked Polished Blackstone Bricks"
  },
  {
    "name": "respawn_anchor",
    "displayName": "Respawn Anchor"
  },
  {
    "name": "candle",
    "displayName": "Candle"
  },
  {
    "name": "white_candle",
    "displayName": "White Candle"
  },
  {
    "name": "orange_candle",
    "displayName": "Orange Candle"
  },
  {
    "name": "magenta_candle",
    "displayName": "Magenta Candle"
  },
  {
    "name": "light_blue_candle",
    "displayName": "Light Blue Candle"
  },
  {
    "name": "yellow_candle",
    "displayName": "Yellow Candle"
  },
  {
    "name": "lime_candle",
    "displayName": "Lime Candle"
  },
  {
    "name": "pink_candle",
    "displayName": "Pink Candle"
  },
  {
    "name": "gray_candle",
    "displayName": "Gray Candle"
  },
  {
    "name": "light_gray_candle",
    "displayName": "Light Gray Candle"
  },
  {
    "name": "cyan_candle",
    "displayName": "Cyan Candle"
  },
  {
    "name": "purple_candle",
    "displayName": "Purple Candle"
  },
  {
    "name": "blue_candle",
    "displayName": "Blue Candle"
  },
  {
    "name": "brown_candle",
    "displayName": "Brown Candle"
  },
  {
    "name": "green_candle",
    "displayName": "Green Candle"
  },
  {
    "name": "red_candle",
    "displayName": "Red Candle"
  },
  {
    "name": "black_candle",
    "displayName": "Black Candle"
  },
  {
    "name": "small_amethyst_bud",
    "displayName": "Small Amethyst Bud"
  },
  {
    "name": "medium_amethyst_bud",
    "displayName": "Medium Amethyst Bud"
  },
  {
    "name": "large_amethyst_bud",
    "displayName": "Large Amethyst Bud"
  },
  {
    "name": "amethyst_cluster",
    "displayName": "Amethyst Cluster"
  },
  {
    "name": "pointed_dripstone",
    "displayName": "Pointed Dripstone"
  },
  {
    "name": "ochre_froglight",
    "displayName": "Ochre Froglight"
  },
  {
    "name": "verdant_froglight",
    "displayName": "Verdant Froglight"
  },
  {
    "name": "pearlescent_froglight",
    "displayName": "Pearlescent Froglight"
  },
  {
    "name": "frogspawn",
    "displayName": "Frogspawn"
  },
  {
    "name": "echo_shard",
    "displayName": "Echo Shard"
  },
  {
    "name": "brush",
    "displayName": "Brush"
  },
  {
    "name": "netherite_upgrade_smithing_template",
    "displayName": "Smithing Template - Netherite upgrade"
  },
  {
    "name": "sentry_armor_trim_smithing_template",
    "displayName": "Smithing Template - Sentry"
  },
  {
    "name": "dune_armor_trim_smithing_template",
    "displayName": "Smithing Template - Dune"
  },
  {
    "name": "coast_armor_trim_smithing_template",
    "displayName": "Smithing Template - Coast"
  },
  {
    "name": "wild_armor_trim_smithing_template",
    "displayName": "Smithing Template - Wild"
  },
  {
    "name": "ward_armor_trim_smithing_template",
    "displayName": "Smithing Template - Ward"
  },
  {
    "name": "eye_armor_trim_smithing_template",
    "displayName": "Smithing Template - Eye"
  },
  {
    "name": "vex_armor_trim_smithing_template",
    "displayName": "Smithing Template - Vex"
  },
  {
    "name": "tide_armor_trim_smithing_template",
    "displayName": "Smithing Template - Tide"
  },
  {
    "name": "snout_armor_trim_smithing_template",
    "displayName": "Smithing Template - Snout"
  },
  {
    "name": "rib_armor_trim_smithing_template",
    "displayName": "Smithing Template - Rib"
  },
  {
    "name": "spire_armor_trim_smithing_template",
    "displayName": "Smithing Template - Spire"
  }
]